target_id,plan_role,touch1_date,touch2_date,touch3_date,day_seq,week
T001,PRIMARY,2026-08-26,2026-09-02,2026-09-09,1.0,0
T002,PRIMARY,2026-08-26,2026-09-02,2026-09-10,2.0,0
T004,PRIMARY,2026-08-26,2026-09-02,2026-09-09,5.0,0
T005,PRIMARY,2026-08-26,2026-09-02,2026-09-09,6.0,0
T006,PRIMARY,2026-08-26,2026-09-02,2026-09-09,7.0,0
T008,PRIMARY,2026-08-26,2026-09-02,2026-09-10,8.0,0
T007,PRIMARY,2026-08-26,2026-09-02,2026-09-09,8.0,0
T009,PRIMARY,2026-08-26,2026-09-02,2026-09-09,9.0,0
T010,PRIMARY,2026-08-26,2026-09-02,2026-09-10,10.0,0
T011,PRIMARY,2026-08-26,2026-09-02,2026-09-09,10.0,0
T012,PRIMARY,2026-08-26,2026-09-02,2026-09-09,11.0,0
T013,PRIMARY,2026-08-26,2026-09-02,2026-09-09,12.0,0
T014,PRIMARY,2026-08-26,2026-09-02,2026-09-09,13.0,0
T015,PRIMARY,2026-08-26,2026-09-02,2026-09-09,14.0,0
T016,PRIMARY,2026-08-27,2026-09-03,2026-09-10,1.0,1
T025,PRIMARY,2026-08-27,2026-09-03,2026-09-10,2.0,1
T026,PRIMARY,2026-08-27,2026-09-03,2026-09-10,3.0,1
T027,PRIMARY,2026-08-27,2026-09-03,2026-09-10,4.0,1
T028,PRIMARY,2026-08-27,2026-09-03,2026-09-10,5.0,1
T029,PRIMARY,2026-08-27,2026-09-03,2026-09-10,6.0,1
T030,PRIMARY,2026-08-27,2026-09-03,2026-09-10,7.0,1
T031,PRIMARY,2026-08-27,2026-09-03,2026-09-10,8.0,1
T032,PRIMARY,2026-08-27,2026-09-03,2026-09-10,9.0,1
T033,PRIMARY,2026-08-27,2026-09-03,2026-09-10,10.0,1
T034,PRIMARY,2026-08-28,2026-09-04,2026-09-11,1.0,1
T017,PRIMARY,2026-08-28,2026-09-04,2026-09-11,2.0,1
T035,PRIMARY,2026-08-28,2026-09-04,2026-09-11,3.0,1
T218,PRIMARY,2026-08-28,2026-09-04,2026-09-11,4.0,1
T018,PRIMARY,2026-08-28,2026-09-04,2026-09-11,5.0,1
T019,PRIMARY,2026-08-28,2026-09-04,2026-09-11,6.0,1
T020,PRIMARY,2026-08-28,2026-09-04,2026-09-11,7.0,1
T022,PRIMARY,2026-08-28,2026-09-04,2026-09-11,8.0,1
T023,PRIMARY,2026-08-28,2026-09-04,2026-09-11,9.0,1
T024,PRIMARY,2026-08-28,2026-09-04,2026-09-11,10.0,1
T036,PRIMARY,2026-08-31,2026-09-09,2026-09-15,1.0,1
T162,PRIMARY,2026-08-31,2026-09-10,2026-09-16,2.0,1
T038,PRIMARY,2026-08-31,2026-09-08,2026-09-15,3.0,1
T039,PRIMARY,2026-08-31,2026-09-08,2026-09-15,4.0,1
T040,PRIMARY,2026-08-31,2026-09-08,2026-09-15,5.0,1
T041,PRIMARY,2026-08-31,2026-09-08,2026-09-15,6.0,1
T042,PRIMARY,2026-08-31,2026-09-08,2026-09-15,7.0,1
T043,PRIMARY,2026-08-31,2026-09-08,2026-09-15,8.0,1
T045,PRIMARY,2026-08-31,2026-09-08,2026-09-15,10.0,1
T046,PRIMARY,2026-08-31,2026-09-08,2026-09-15,11.0,1
T047,PRIMARY,2026-08-31,2026-09-08,2026-09-15,12.0,1
T163,PRIMARY,2026-08-31,2026-09-10,2026-09-16,13.0,1
T049,PRIMARY,2026-08-31,2026-09-08,2026-09-15,14.0,1
T050,PRIMARY,2026-08-31,2026-09-08,2026-09-15,15.0,1
T051,PRIMARY,2026-08-31,2026-09-08,2026-09-15,16.0,1
T052,PRIMARY,2026-08-31,2026-09-08,2026-09-15,17.0,1
T053,PRIMARY,2026-08-31,2026-09-08,2026-09-15,18.0,1
T054,PRIMARY,2026-08-31,2026-09-08,2026-09-15,19.0,1
T055,PRIMARY,2026-08-31,2026-09-08,2026-09-15,20.0,1
T056,PRIMARY,2026-08-31,2026-09-08,2026-09-15,21.0,1
T057,PRIMARY,2026-08-31,2026-09-08,2026-09-15,22.0,1
T058,PRIMARY,2026-08-31,2026-09-08,2026-09-15,23.0,1
T059,PRIMARY,2026-08-31,2026-09-08,2026-09-15,24.0,1
T060,PRIMARY,2026-08-31,2026-09-08,2026-09-15,25.0,1
T215,PRIMARY,2026-08-31,2026-09-08,2026-09-15,26.0,1
T061,PRIMARY,2026-09-01,2026-09-08,2026-09-15,1.0,1
T063,PRIMARY,2026-09-01,2026-09-08,2026-09-15,3.0,1
T064,PRIMARY,2026-09-01,2026-09-08,2026-09-16,4.0,1
T065,PRIMARY,2026-09-01,2026-09-08,2026-09-16,5.0,1
T161,PRIMARY,2026-09-01,2026-09-10,2026-09-16,6.0,1
T067,PRIMARY,2026-09-01,2026-09-08,2026-09-16,7.0,1
T068,PRIMARY,2026-09-01,2026-09-08,2026-09-16,8.0,1
T069,PRIMARY,2026-09-01,2026-09-08,2026-09-16,9.0,1
T070,PRIMARY,2026-09-01,2026-09-08,2026-09-16,10.0,1
T071,PRIMARY,2026-09-01,2026-09-10,2026-09-16,11.0,1
T164,PRIMARY,2026-09-01,2026-09-10,2026-09-16,12.0,1
T073,PRIMARY,2026-09-01,2026-09-10,2026-09-16,13.0,1
T074,PRIMARY,2026-09-01,2026-09-10,2026-09-16,14.0,1
T075,PRIMARY,2026-09-01,2026-09-10,2026-09-16,15.0,1
T076,PRIMARY,2026-09-01,2026-09-10,2026-09-16,16.0,1
T077,PRIMARY,2026-09-01,2026-09-10,2026-09-16,17.0,1
T078,PRIMARY,2026-09-01,2026-09-09,2026-09-16,18.0,1
T080,PRIMARY,2026-09-01,2026-09-09,2026-09-16,20.0,1
T081,PRIMARY,2026-09-01,2026-09-09,2026-09-16,21.0,1
T082,PRIMARY,2026-09-01,2026-09-09,2026-09-16,22.0,1
T083,PRIMARY,2026-09-01,2026-09-09,2026-09-16,23.0,1
T084,PRIMARY,2026-09-01,2026-09-09,2026-09-16,24.0,1
T085,PRIMARY,2026-09-01,2026-09-09,2026-09-16,25.0,1
T216,PRIMARY,2026-09-01,2026-09-08,2026-09-15,26.0,1
T220,PRIMARY,2026-09-01,2026-09-08,2026-09-15,27.0,1
T086,PRIMARY,2026-09-02,2026-09-09,2026-09-16,1.0,1
T087,PRIMARY,2026-09-02,2026-09-09,2026-09-16,2.0,1
T088,PRIMARY,2026-09-02,2026-09-09,2026-09-16,3.0,1
T089,PRIMARY,2026-09-02,2026-09-09,2026-09-16,4.0,1
T090,PRIMARY,2026-09-02,2026-09-09,2026-09-16,5.0,1
T091,PRIMARY,2026-09-02,2026-09-09,2026-09-16,6.0,1
T092,PRIMARY,2026-09-02,2026-09-09,2026-09-17,7.0,1
T093,PRIMARY,2026-09-02,2026-09-09,2026-09-17,8.0,1
T094,PRIMARY,2026-09-02,2026-09-09,2026-09-17,9.0,1
T095,PRIMARY,2026-09-02,2026-09-09,2026-09-17,10.0,1
T096,PRIMARY,2026-09-02,2026-09-09,2026-09-17,11.0,1
T097,PRIMARY,2026-09-02,2026-09-09,2026-09-17,12.0,1
T098,PRIMARY,2026-09-02,2026-09-09,2026-09-17,13.0,1
T099,PRIMARY,2026-09-02,2026-09-09,2026-09-17,14.0,1
T100,PRIMARY,2026-09-02,2026-09-09,2026-09-17,15.0,1
T101,PRIMARY,2026-09-03,2026-09-10,2026-09-17,1.0,2
T102,PRIMARY,2026-09-03,2026-09-10,2026-09-17,2.0,2
T103,PRIMARY,2026-09-03,2026-09-10,2026-09-17,3.0,2
T104,PRIMARY,2026-09-03,2026-09-10,2026-09-17,4.0,2
T105,PRIMARY,2026-09-03,2026-09-10,2026-09-17,5.0,2
T106,PRIMARY,2026-09-03,2026-09-10,2026-09-17,6.0,2
T107,PRIMARY,2026-09-03,2026-09-10,2026-09-17,7.0,2
T108,PRIMARY,2026-09-03,2026-09-10,2026-09-17,8.0,2
T110,PRIMARY,2026-09-04,2026-09-11,2026-09-18,2.0,2
T111,PRIMARY,2026-09-04,2026-09-11,2026-09-18,3.0,2
T112,PRIMARY,2026-09-04,2026-09-11,2026-09-18,4.0,2
T113,PRIMARY,2026-09-04,2026-09-11,2026-09-18,5.0,2
T114,PRIMARY,2026-09-04,2026-09-11,2026-09-18,6.0,2
T115,PRIMARY,2026-09-04,2026-09-11,2026-09-18,7.0,2
T219,PRIMARY,2026-09-04,2026-09-11,2026-09-18,8.0,1
T217,PRIMARY,2026-09-04,2026-09-11,2026-09-18,9.0,1
T117,PRIMARY,2026-09-08,2026-09-16,2026-09-22,1.0,2
T118,PRIMARY,2026-09-08,2026-09-15,2026-09-22,2.0,2
T165,PRIMARY,2026-09-08,2026-09-15,2026-09-22,3.0,2
T120,PRIMARY,2026-09-08,2026-09-15,2026-09-22,4.0,2
T122,PRIMARY,2026-09-08,2026-09-15,2026-09-22,6.0,2
T123,PRIMARY,2026-09-08,2026-09-15,2026-09-22,7.0,2
T124,PRIMARY,2026-09-08,2026-09-15,2026-09-22,8.0,2
T173,PRIMARY,2026-09-08,2026-09-15,2026-09-22,9.0,2
T125,PRIMARY,2026-09-09,2026-09-16,2026-09-23,1.0,2
T126,PRIMARY,2026-09-09,2026-09-16,2026-09-23,2.0,2
T127,PRIMARY,2026-09-09,2026-09-16,2026-09-23,3.0,2
T128,PRIMARY,2026-09-09,2026-09-16,2026-09-23,4.0,2
T129,PRIMARY,2026-09-09,2026-09-16,2026-09-23,5.0,2
T130,PRIMARY,2026-09-09,2026-09-16,2026-09-23,6.0,2
T131,PRIMARY,2026-09-10,2026-09-17,2026-09-24,1.0,3
T132,PRIMARY,2026-09-10,2026-09-17,2026-09-24,2.0,3
T133,PRIMARY,2026-09-10,2026-09-17,2026-09-24,3.0,3
T134,PRIMARY,2026-09-10,2026-09-17,2026-09-24,4.0,3
T136,PRIMARY,2026-09-10,2026-09-17,2026-09-24,6.0,3
T137,PRIMARY,2026-09-10,2026-09-17,2026-09-24,7.0,3
T138,PRIMARY,2026-09-10,2026-09-17,2026-09-24,8.0,3
T172,PRIMARY,2026-09-10,2026-09-17,2026-09-24,9.0,2
T139,PRIMARY,2026-09-11,2026-09-18,2026-09-25,1.0,3
T140,PRIMARY,2026-09-11,2026-09-18,2026-09-25,2.0,3
T141,PRIMARY,2026-09-11,2026-09-18,2026-09-25,3.0,3
T166,PRIMARY,2026-09-11,2026-09-18,2026-09-25,4.0,3
T143,PRIMARY,2026-09-11,2026-09-18,2026-09-25,5.0,3
T144,PRIMARY,2026-09-11,2026-09-18,2026-09-25,6.0,3
T145,PRIMARY,2026-09-14,2026-09-21,2026-09-28,1.0,3
T146,PRIMARY,2026-09-14,2026-09-21,2026-09-28,2.0,3
T147,PRIMARY,2026-09-14,2026-09-21,2026-09-28,3.0,3
T148,PRIMARY,2026-09-14,2026-09-21,2026-09-28,4.0,3
T150,PRIMARY,2026-09-14,2026-09-21,2026-09-28,6.0,3
T175,PRIMARY,2026-09-14,2026-09-21,2026-09-28,7.0,3
T151,PRIMARY,2026-09-15,2026-09-22,2026-09-29,1.0,3
T152,PRIMARY,2026-09-15,2026-09-22,2026-09-29,2.0,3
T153,PRIMARY,2026-09-15,2026-09-22,2026-09-29,3.0,3
T154,PRIMARY,2026-09-15,2026-09-22,2026-09-29,4.0,3
T155,PRIMARY,2026-09-15,2026-09-22,2026-09-29,5.0,3
T156,PRIMARY,2026-09-15,2026-09-22,2026-09-29,6.0,3
T157,PRIMARY,2026-09-16,2026-09-23,2026-09-30,1.0,3
T158,PRIMARY,2026-09-16,2026-09-23,2026-09-30,2.0,3
T159,PRIMARY,2026-09-16,2026-09-23,2026-09-30,3.0,3
T160,PRIMARY,2026-09-16,2026-09-23,2026-09-30,4.0,3
T176,RESERVE,,,,,Reserve
T177,RESERVE,,,,,Reserve
T178,RESERVE,,,,,Reserve
T179,RESERVE,,,,,Reserve
T168,RESERVE,,,,,Reserve
T169,RESERVE,,,,,Reserve
T174,RESERVE,,,,,Reserve
T167,RESERVE,,,,,Reserve
T170,RESERVE,,,,,Reserve
T171,RESERVE,,,,,Reserve
T180,RESERVE,,,,,Reserve
T181,RESERVE,,,,,Reserve
T188,RESERVE,,,,,Reserve
T187,RESERVE,,,,,Reserve
T186,RESERVE,,,,,Reserve
T185,RESERVE,,,,,Reserve
T183,RESERVE,,,,,Reserve
T182,RESERVE,,,,,Reserve
T189,RESERVE,,,,,Reserve
T190,RESERVE,,,,,Reserve
T193,RESERVE,,,,,Reserve
T192,RESERVE,,,,,Reserve
T191,RESERVE,,,,,Reserve
T198,RESERVE,,,,,Reserve
T197,RESERVE,,,,,Reserve
T194,RESERVE,,,,,Reserve
T195,RESERVE,,,,,Reserve
T196,RESERVE,,,,,Reserve
T200,RESERVE,,,,,Reserve
T199,RESERVE,,,,,Reserve
T202,RESERVE,,,,,Reserve
T201,RESERVE,,,,,Reserve
T204,RESERVE,,,,,Reserve
T203,RESERVE,,,,,Reserve
T205,RESERVE,,,,,Reserve
T206,RESERVE,,,,,Reserve
T208,RESERVE,,,,,Reserve
T207,RESERVE,,,,,Reserve
T210,RESERVE,,,,,Reserve
T209,RESERVE,,,,,Reserve
T212,RESERVE,,,,,Reserve
T211,RESERVE,,,,,Reserve
T213,RESERVE,,,,,Reserve
T214,RESERVE,,,,,Reserve
T0221,PRIMARY,2026-08-28,2026-09-04,2026-09-11,11.0,2
T0222,PRIMARY,2026-08-28,2026-09-04,2026-09-11,12.0,2
T0223,PRIMARY,2026-08-28,2026-09-04,2026-09-11,13.0,2
T0224,PRIMARY,2026-08-28,2026-09-04,2026-09-11,14.0,2
T0225,PRIMARY,2026-08-28,2026-09-04,2026-09-11,15.0,2
T0226,PRIMARY,2026-08-28,2026-09-04,2026-09-11,16.0,2
T0227,PRIMARY,2026-08-28,2026-09-04,2026-09-11,17.0,2
T0228,PRIMARY,2026-08-28,2026-09-04,2026-09-11,18.0,2
T0229,PRIMARY,2026-08-28,2026-09-04,2026-09-11,19.0,2
T0230,PRIMARY,2026-08-28,2026-09-04,2026-09-11,20.0,2
T0231,PRIMARY,2026-08-28,2026-09-04,2026-09-11,21.0,2
T0232,PRIMARY,2026-08-28,2026-09-04,2026-09-11,22.0,2
T0233,PRIMARY,2026-08-28,2026-09-04,2026-09-11,23.0,2
T0234,PRIMARY,2026-08-28,2026-09-04,2026-09-11,24.0,2
T0235,PRIMARY,2026-08-28,2026-09-04,2026-09-11,25.0,2
T0236,PRIMARY,2026-08-28,2026-09-04,2026-09-11,26.0,2
T0237,PRIMARY,2026-08-28,2026-09-04,2026-09-11,27.0,2
T0238,PRIMARY,2026-08-28,2026-09-04,2026-09-11,28.0,2
T0239,PRIMARY,2026-08-28,2026-09-04,2026-09-11,29.0,2
T0240,PRIMARY,2026-08-28,2026-09-04,2026-09-11,30.0,2
T0241,PRIMARY,2026-08-28,2026-09-04,2026-09-11,31.0,2
T0242,PRIMARY,2026-08-28,2026-09-04,2026-09-11,32.0,2
T0243,PRIMARY,2026-08-28,2026-09-04,2026-09-11,33.0,2
T0244,PRIMARY,2026-08-28,2026-09-04,2026-09-11,34.0,2
T0245,PRIMARY,2026-08-28,2026-09-04,2026-09-11,35.0,2
T0246,PRIMARY,2026-08-28,2026-09-04,2026-09-11,36.0,2
T0247,PRIMARY,2026-08-28,2026-09-04,2026-09-11,37.0,2
T0248,PRIMARY,2026-08-28,2026-09-04,2026-09-11,38.0,2
T0249,PRIMARY,2026-08-28,2026-09-04,2026-09-11,39.0,2
T0250,PRIMARY,2026-08-28,2026-09-04,2026-09-11,40.0,2
T0251,PRIMARY,2026-08-31,2026-09-08,2026-09-15,27.0,2
T0252,PRIMARY,2026-08-31,2026-09-08,2026-09-15,28.0,2
T0253,PRIMARY,2026-08-31,2026-09-08,2026-09-15,29.0,2
T0254,PRIMARY,2026-08-31,2026-09-08,2026-09-15,30.0,2
T0255,PRIMARY,2026-08-31,2026-09-08,2026-09-15,31.0,2
T0256,PRIMARY,2026-08-31,2026-09-08,2026-09-15,32.0,2
T0257,PRIMARY,2026-08-31,2026-09-08,2026-09-15,33.0,2
T0258,PRIMARY,2026-08-31,2026-09-08,2026-09-15,34.0,2
T0259,PRIMARY,2026-08-31,2026-09-08,2026-09-15,35.0,2
T0260,PRIMARY,2026-08-31,2026-09-08,2026-09-15,36.0,2
T0261,PRIMARY,2026-08-31,2026-09-08,2026-09-15,37.0,2
T0262,PRIMARY,2026-08-31,2026-09-08,2026-09-15,38.0,2
T0263,PRIMARY,2026-08-31,2026-09-08,2026-09-15,39.0,2
T0264,PRIMARY,2026-08-31,2026-09-08,2026-09-15,40.0,2
T0265,PRIMARY,2026-08-31,2026-09-08,2026-09-15,41.0,2
T0266,PRIMARY,2026-09-01,2026-09-08,2026-09-15,28.0,2
T0267,PRIMARY,2026-09-01,2026-09-08,2026-09-15,29.0,2
T0268,PRIMARY,2026-09-01,2026-09-08,2026-09-15,30.0,2
T0269,PRIMARY,2026-09-01,2026-09-08,2026-09-15,31.0,2
T0270,PRIMARY,2026-09-01,2026-09-08,2026-09-15,32.0,2
T0271,PRIMARY,2026-09-01,2026-09-08,2026-09-15,33.0,2
T0272,PRIMARY,2026-09-01,2026-09-08,2026-09-15,34.0,2
T0273,PRIMARY,2026-09-01,2026-09-08,2026-09-15,35.0,2
T0274,PRIMARY,2026-09-01,2026-09-08,2026-09-15,36.0,2
T0275,PRIMARY,2026-09-01,2026-09-08,2026-09-15,37.0,2
T0276,PRIMARY,2026-09-01,2026-09-08,2026-09-15,38.0,2
T0277,PRIMARY,2026-09-01,2026-09-08,2026-09-15,39.0,2
T0278,PRIMARY,2026-09-01,2026-09-08,2026-09-15,40.0,2
T0279,PRIMARY,2026-09-01,2026-09-08,2026-09-15,41.0,2
T0280,PRIMARY,2026-09-01,2026-09-08,2026-09-15,42.0,2
T0281,PRIMARY,2026-09-02,2026-09-09,2026-09-16,16.0,2
T0282,PRIMARY,2026-09-02,2026-09-09,2026-09-16,17.0,2
T0283,PRIMARY,2026-09-02,2026-09-09,2026-09-16,18.0,2
T0284,PRIMARY,2026-09-02,2026-09-09,2026-09-16,19.0,2
T0285,PRIMARY,2026-09-02,2026-09-09,2026-09-16,20.0,2
T0286,PRIMARY,2026-09-02,2026-09-09,2026-09-16,21.0,2
T0287,PRIMARY,2026-09-02,2026-09-09,2026-09-16,22.0,2
T0288,PRIMARY,2026-09-02,2026-09-09,2026-09-16,23.0,2
T0289,PRIMARY,2026-09-02,2026-09-09,2026-09-16,24.0,2
T0290,PRIMARY,2026-09-02,2026-09-09,2026-09-16,25.0,2
T0291,PRIMARY,2026-09-02,2026-09-09,2026-09-16,26.0,2
T0292,PRIMARY,2026-09-02,2026-09-09,2026-09-16,27.0,2
T0293,PRIMARY,2026-09-02,2026-09-09,2026-09-16,28.0,2
T0294,PRIMARY,2026-09-02,2026-09-09,2026-09-16,29.0,2
T0295,PRIMARY,2026-09-02,2026-09-09,2026-09-16,30.0,2
T0296,PRIMARY,2026-09-02,2026-09-09,2026-09-16,31.0,2
T0297,PRIMARY,2026-09-02,2026-09-09,2026-09-16,32.0,2
T0298,PRIMARY,2026-09-02,2026-09-09,2026-09-16,33.0,2
T0299,PRIMARY,2026-09-02,2026-09-09,2026-09-16,34.0,2
T0300,PRIMARY,2026-09-02,2026-09-09,2026-09-16,35.0,2
T0301,PRIMARY,2026-09-02,2026-09-09,2026-09-16,36.0,2
T0302,PRIMARY,2026-09-02,2026-09-09,2026-09-16,37.0,2
T0303,PRIMARY,2026-09-02,2026-09-09,2026-09-16,38.0,2
T0304,PRIMARY,2026-09-02,2026-09-09,2026-09-16,39.0,2
T0305,PRIMARY,2026-09-02,2026-09-09,2026-09-16,40.0,2
T0306,PRIMARY,2026-09-03,2026-09-10,2026-09-17,9.0,2
T0307,PRIMARY,2026-09-03,2026-09-10,2026-09-17,10.0,2
T0308,PRIMARY,2026-09-03,2026-09-10,2026-09-17,11.0,2
T0309,PRIMARY,2026-09-03,2026-09-10,2026-09-17,12.0,2
T0310,PRIMARY,2026-09-03,2026-09-10,2026-09-17,13.0,2
T0311,PRIMARY,2026-09-03,2026-09-10,2026-09-17,14.0,2
T0312,PRIMARY,2026-09-03,2026-09-10,2026-09-17,15.0,2
T0313,PRIMARY,2026-09-03,2026-09-10,2026-09-17,16.0,2
T0314,PRIMARY,2026-09-03,2026-09-10,2026-09-17,17.0,2
T0315,PRIMARY,2026-09-03,2026-09-10,2026-09-17,18.0,2
T0316,PRIMARY,2026-09-03,2026-09-10,2026-09-17,19.0,2
T0317,PRIMARY,2026-09-03,2026-09-10,2026-09-17,20.0,2
T0318,PRIMARY,2026-09-03,2026-09-10,2026-09-17,21.0,2
T0319,PRIMARY,2026-09-03,2026-09-10,2026-09-17,22.0,2
T0320,PRIMARY,2026-09-03,2026-09-10,2026-09-17,23.0,2
T0321,PRIMARY,2026-09-03,2026-09-10,2026-09-17,24.0,2
T0322,PRIMARY,2026-09-03,2026-09-10,2026-09-17,25.0,2
T0323,PRIMARY,2026-09-03,2026-09-10,2026-09-17,26.0,2
T0324,PRIMARY,2026-09-03,2026-09-10,2026-09-17,27.0,2
T0325,PRIMARY,2026-09-03,2026-09-10,2026-09-17,28.0,2
T0326,PRIMARY,2026-09-03,2026-09-10,2026-09-17,29.0,2
T0327,PRIMARY,2026-09-03,2026-09-10,2026-09-17,30.0,2
T0328,PRIMARY,2026-09-03,2026-09-10,2026-09-17,31.0,2
T0329,PRIMARY,2026-09-03,2026-09-10,2026-09-17,32.0,2
T0330,PRIMARY,2026-09-03,2026-09-10,2026-09-17,33.0,2
T0331,PRIMARY,2026-09-03,2026-09-10,2026-09-17,34.0,2
T0332,PRIMARY,2026-09-03,2026-09-10,2026-09-17,35.0,2
T0333,PRIMARY,2026-09-03,2026-09-10,2026-09-17,36.0,2
T0334,PRIMARY,2026-09-03,2026-09-10,2026-09-17,37.0,2
T0335,PRIMARY,2026-09-03,2026-09-10,2026-09-17,38.0,2
T0336,PRIMARY,2026-09-03,2026-09-10,2026-09-17,39.0,2
T0337,PRIMARY,2026-09-03,2026-09-10,2026-09-17,40.0,2
T0338,PRIMARY,2026-09-04,2026-09-11,2026-09-18,10.0,3
T0339,PRIMARY,2026-09-04,2026-09-11,2026-09-18,11.0,3
T0340,PRIMARY,2026-09-04,2026-09-11,2026-09-18,12.0,3
T0341,PRIMARY,2026-09-04,2026-09-11,2026-09-18,13.0,3
T0342,PRIMARY,2026-09-04,2026-09-11,2026-09-18,14.0,3
T0343,PRIMARY,2026-09-04,2026-09-11,2026-09-18,15.0,3
T0344,PRIMARY,2026-09-04,2026-09-11,2026-09-18,16.0,3
T0345,PRIMARY,2026-09-04,2026-09-11,2026-09-18,17.0,3
T0346,PRIMARY,2026-09-04,2026-09-11,2026-09-18,18.0,3
T0347,PRIMARY,2026-09-04,2026-09-11,2026-09-18,19.0,3
T0348,PRIMARY,2026-09-04,2026-09-11,2026-09-18,20.0,3
T0349,PRIMARY,2026-09-04,2026-09-11,2026-09-18,21.0,3
T0350,PRIMARY,2026-09-04,2026-09-11,2026-09-18,22.0,3
T0351,PRIMARY,2026-09-04,2026-09-11,2026-09-18,23.0,3
T0352,PRIMARY,2026-09-04,2026-09-11,2026-09-18,24.0,3
T0353,PRIMARY,2026-09-04,2026-09-11,2026-09-18,25.0,3
T0354,PRIMARY,2026-09-04,2026-09-11,2026-09-18,26.0,3
T0355,PRIMARY,2026-09-04,2026-09-11,2026-09-18,27.0,3
T0356,PRIMARY,2026-09-04,2026-09-11,2026-09-18,28.0,3
T0357,PRIMARY,2026-09-04,2026-09-11,2026-09-18,29.0,3
T0358,PRIMARY,2026-09-04,2026-09-11,2026-09-18,30.0,3
T0359,PRIMARY,2026-09-04,2026-09-11,2026-09-18,31.0,3
T0360,PRIMARY,2026-09-04,2026-09-11,2026-09-18,32.0,3
T0361,PRIMARY,2026-09-04,2026-09-11,2026-09-18,33.0,3
T0362,PRIMARY,2026-09-04,2026-09-11,2026-09-18,34.0,3
T0363,PRIMARY,2026-09-04,2026-09-11,2026-09-18,35.0,3
T0364,PRIMARY,2026-09-04,2026-09-11,2026-09-18,36.0,3
T0365,PRIMARY,2026-09-04,2026-09-11,2026-09-18,37.0,3
T0366,PRIMARY,2026-09-04,2026-09-11,2026-09-18,38.0,3
T0367,PRIMARY,2026-09-04,2026-09-11,2026-09-18,39.0,3
T0368,PRIMARY,2026-09-04,2026-09-11,2026-09-18,40.0,3
T0369,PRIMARY,2026-09-04,2026-09-11,2026-09-18,41.0,3
T0370,PRIMARY,2026-09-08,2026-09-15,2026-09-22,10.0,3
T0371,PRIMARY,2026-09-08,2026-09-15,2026-09-22,11.0,3
T0372,PRIMARY,2026-09-08,2026-09-15,2026-09-22,12.0,3
T0373,PRIMARY,2026-09-08,2026-09-15,2026-09-22,13.0,3
T0374,PRIMARY,2026-09-08,2026-09-15,2026-09-22,14.0,3
T0375,PRIMARY,2026-09-08,2026-09-15,2026-09-22,15.0,3
T0376,PRIMARY,2026-09-08,2026-09-15,2026-09-22,16.0,3
T0377,PRIMARY,2026-09-08,2026-09-15,2026-09-22,17.0,3
T0378,PRIMARY,2026-09-08,2026-09-15,2026-09-22,18.0,3
T0379,PRIMARY,2026-09-08,2026-09-15,2026-09-22,19.0,3
T0380,PRIMARY,2026-09-08,2026-09-15,2026-09-22,20.0,3
T0381,PRIMARY,2026-09-08,2026-09-15,2026-09-22,21.0,3
T0382,PRIMARY,2026-09-08,2026-09-15,2026-09-22,22.0,3
T0383,PRIMARY,2026-09-08,2026-09-15,2026-09-22,23.0,3
T0384,PRIMARY,2026-09-08,2026-09-15,2026-09-22,24.0,3
T0385,PRIMARY,2026-09-08,2026-09-15,2026-09-22,25.0,3
T0386,PRIMARY,2026-09-08,2026-09-15,2026-09-22,26.0,3
T0387,PRIMARY,2026-09-08,2026-09-15,2026-09-22,27.0,3
T0388,PRIMARY,2026-09-08,2026-09-15,2026-09-22,28.0,3
T0389,PRIMARY,2026-09-08,2026-09-15,2026-09-22,29.0,3
T0390,PRIMARY,2026-09-08,2026-09-15,2026-09-22,30.0,3
T0391,PRIMARY,2026-09-08,2026-09-15,2026-09-22,31.0,3
T0392,PRIMARY,2026-09-08,2026-09-15,2026-09-22,32.0,3
T0393,PRIMARY,2026-09-08,2026-09-15,2026-09-22,33.0,3
T0394,PRIMARY,2026-09-08,2026-09-15,2026-09-22,34.0,3
T0395,PRIMARY,2026-09-08,2026-09-15,2026-09-22,35.0,3
T0396,PRIMARY,2026-09-08,2026-09-15,2026-09-22,36.0,3
T0397,PRIMARY,2026-09-08,2026-09-15,2026-09-22,37.0,3
T0398,PRIMARY,2026-09-08,2026-09-15,2026-09-22,38.0,3
T0399,PRIMARY,2026-09-08,2026-09-15,2026-09-22,39.0,3
T0400,PRIMARY,2026-09-08,2026-09-15,2026-09-22,40.0,3
T0401,PRIMARY,2026-09-08,2026-09-15,2026-09-22,41.0,3
T0402,PRIMARY,2026-09-09,2026-09-16,2026-09-23,7.0,3
T0403,PRIMARY,2026-09-09,2026-09-16,2026-09-23,8.0,3
T0404,PRIMARY,2026-09-09,2026-09-16,2026-09-23,9.0,3
T0405,PRIMARY,2026-09-09,2026-09-16,2026-09-23,10.0,3
T0406,PRIMARY,2026-09-09,2026-09-16,2026-09-23,11.0,3
T0407,PRIMARY,2026-09-09,2026-09-16,2026-09-23,12.0,3
T0408,PRIMARY,2026-09-09,2026-09-16,2026-09-23,13.0,3
T0409,PRIMARY,2026-09-09,2026-09-16,2026-09-23,14.0,3
T0410,PRIMARY,2026-09-09,2026-09-16,2026-09-23,15.0,3
T0411,PRIMARY,2026-09-09,2026-09-16,2026-09-23,16.0,3
T0412,PRIMARY,2026-09-09,2026-09-16,2026-09-23,17.0,3
T0413,PRIMARY,2026-09-09,2026-09-16,2026-09-23,18.0,3
T0414,PRIMARY,2026-09-09,2026-09-16,2026-09-23,19.0,3
T0415,PRIMARY,2026-09-09,2026-09-16,2026-09-23,20.0,3
T0416,PRIMARY,2026-09-09,2026-09-16,2026-09-23,21.0,3
T0417,PRIMARY,2026-09-09,2026-09-16,2026-09-23,22.0,3
T0418,PRIMARY,2026-09-09,2026-09-16,2026-09-23,23.0,3
T0419,PRIMARY,2026-09-09,2026-09-16,2026-09-23,24.0,3
T0420,PRIMARY,2026-09-09,2026-09-16,2026-09-23,25.0,3
T0421,PRIMARY,2026-09-09,2026-09-16,2026-09-23,26.0,3
T0422,PRIMARY,2026-09-09,2026-09-16,2026-09-23,27.0,3
T0423,PRIMARY,2026-09-09,2026-09-16,2026-09-23,28.0,3
T0424,PRIMARY,2026-09-09,2026-09-16,2026-09-23,29.0,3
T0425,PRIMARY,2026-09-09,2026-09-16,2026-09-23,30.0,3
T0426,PRIMARY,2026-09-09,2026-09-16,2026-09-23,31.0,3
T0427,PRIMARY,2026-09-09,2026-09-16,2026-09-23,32.0,3
T0428,PRIMARY,2026-09-09,2026-09-16,2026-09-23,33.0,3
T0429,PRIMARY,2026-09-09,2026-09-16,2026-09-23,34.0,3
T0430,PRIMARY,2026-09-09,2026-09-16,2026-09-23,35.0,3
T0431,PRIMARY,2026-09-09,2026-09-16,2026-09-23,36.0,3
T0432,PRIMARY,2026-09-09,2026-09-16,2026-09-23,37.0,3
T0433,PRIMARY,2026-09-09,2026-09-16,2026-09-23,38.0,3
T0434,PRIMARY,2026-09-09,2026-09-16,2026-09-23,39.0,3
T0435,PRIMARY,2026-09-09,2026-09-16,2026-09-23,40.0,3
T0436,PRIMARY,2026-09-10,2026-09-17,2026-09-24,10.0,3
T0437,PRIMARY,2026-09-10,2026-09-17,2026-09-24,11.0,3
T0438,PRIMARY,2026-09-10,2026-09-17,2026-09-24,12.0,3
T0439,PRIMARY,2026-09-10,2026-09-17,2026-09-24,13.0,3
T0440,PRIMARY,2026-09-10,2026-09-17,2026-09-24,14.0,3
T0441,PRIMARY,2026-09-10,2026-09-17,2026-09-24,15.0,3
T0442,PRIMARY,2026-09-10,2026-09-17,2026-09-24,16.0,3
T0443,PRIMARY,2026-09-10,2026-09-17,2026-09-24,17.0,3
T0444,PRIMARY,2026-09-10,2026-09-17,2026-09-24,18.0,3
T0445,PRIMARY,2026-09-10,2026-09-17,2026-09-24,19.0,3
T0446,PRIMARY,2026-09-10,2026-09-17,2026-09-24,20.0,3
T0447,PRIMARY,2026-09-10,2026-09-17,2026-09-24,21.0,3
T0448,PRIMARY,2026-09-10,2026-09-17,2026-09-24,22.0,3
T0449,PRIMARY,2026-09-10,2026-09-17,2026-09-24,23.0,3
T0450,PRIMARY,2026-09-10,2026-09-17,2026-09-24,24.0,3
T0451,PRIMARY,2026-09-10,2026-09-17,2026-09-24,25.0,3
T0452,PRIMARY,2026-09-10,2026-09-17,2026-09-24,26.0,3
T0453,PRIMARY,2026-09-10,2026-09-17,2026-09-24,27.0,3
T0454,PRIMARY,2026-09-10,2026-09-17,2026-09-24,28.0,3
T0455,PRIMARY,2026-09-10,2026-09-17,2026-09-24,29.0,3
T0456,PRIMARY,2026-09-10,2026-09-17,2026-09-24,30.0,3
T0457,PRIMARY,2026-09-10,2026-09-17,2026-09-24,31.0,3
T0458,PRIMARY,2026-09-10,2026-09-17,2026-09-24,32.0,3
T0459,PRIMARY,2026-09-10,2026-09-17,2026-09-24,33.0,3
T0460,PRIMARY,2026-09-10,2026-09-17,2026-09-24,34.0,3
T0461,PRIMARY,2026-09-10,2026-09-17,2026-09-24,35.0,3
T0462,PRIMARY,2026-09-10,2026-09-17,2026-09-24,36.0,3
T0463,PRIMARY,2026-09-10,2026-09-17,2026-09-24,37.0,3
T0464,PRIMARY,2026-09-10,2026-09-17,2026-09-24,38.0,3
T0465,PRIMARY,2026-09-10,2026-09-17,2026-09-24,39.0,3
T0466,PRIMARY,2026-09-10,2026-09-17,2026-09-24,40.0,3
T0467,PRIMARY,2026-09-10,2026-09-17,2026-09-24,41.0,3
T0468,PRIMARY,2026-09-11,2026-09-18,2026-09-25,7.0,4
T0469,PRIMARY,2026-09-11,2026-09-18,2026-09-25,8.0,4
T0470,PRIMARY,2026-09-11,2026-09-18,2026-09-25,9.0,4
T0471,PRIMARY,2026-09-11,2026-09-18,2026-09-25,10.0,4
T0472,PRIMARY,2026-09-11,2026-09-18,2026-09-25,11.0,4
T0473,PRIMARY,2026-09-11,2026-09-18,2026-09-25,12.0,4
T0474,PRIMARY,2026-09-11,2026-09-18,2026-09-25,13.0,4
T0475,PRIMARY,2026-09-11,2026-09-18,2026-09-25,14.0,4
T0476,PRIMARY,2026-09-11,2026-09-18,2026-09-25,15.0,4
T0477,PRIMARY,2026-09-11,2026-09-18,2026-09-25,16.0,4
T0478,PRIMARY,2026-09-11,2026-09-18,2026-09-25,17.0,4
T0479,PRIMARY,2026-09-11,2026-09-18,2026-09-25,18.0,4
T0480,PRIMARY,2026-09-11,2026-09-18,2026-09-25,19.0,4
T0481,PRIMARY,2026-09-11,2026-09-18,2026-09-25,20.0,4
T0482,PRIMARY,2026-09-11,2026-09-18,2026-09-25,21.0,4
T0483,PRIMARY,2026-09-11,2026-09-18,2026-09-25,22.0,4
T0484,PRIMARY,2026-09-11,2026-09-18,2026-09-25,23.0,4
T0485,PRIMARY,2026-09-11,2026-09-18,2026-09-25,24.0,4
T0486,PRIMARY,2026-09-11,2026-09-18,2026-09-25,25.0,4
T0487,PRIMARY,2026-09-11,2026-09-18,2026-09-25,26.0,4
T0488,PRIMARY,2026-09-11,2026-09-18,2026-09-25,27.0,4
T0489,PRIMARY,2026-09-11,2026-09-18,2026-09-25,28.0,4
T0490,PRIMARY,2026-09-11,2026-09-18,2026-09-25,29.0,4
T0491,PRIMARY,2026-09-11,2026-09-18,2026-09-25,30.0,4
T0492,PRIMARY,2026-09-11,2026-09-18,2026-09-25,31.0,4
T0493,PRIMARY,2026-09-11,2026-09-18,2026-09-25,32.0,4
T0494,PRIMARY,2026-09-11,2026-09-18,2026-09-25,33.0,4
T0495,PRIMARY,2026-09-11,2026-09-18,2026-09-25,34.0,4
T0496,PRIMARY,2026-09-11,2026-09-18,2026-09-25,35.0,4
T0497,PRIMARY,2026-09-11,2026-09-18,2026-09-25,36.0,4
T0498,PRIMARY,2026-09-11,2026-09-18,2026-09-25,37.0,4
T0499,PRIMARY,2026-09-11,2026-09-18,2026-09-25,38.0,4
T0500,PRIMARY,2026-09-11,2026-09-18,2026-09-25,39.0,4
T0501,PRIMARY,2026-09-11,2026-09-18,2026-09-25,40.0,4
T0502,PRIMARY,2026-09-14,2026-09-21,2026-09-28,8.0,4
T0503,PRIMARY,2026-09-14,2026-09-21,2026-09-28,9.0,4
T0504,PRIMARY,2026-09-14,2026-09-21,2026-09-28,10.0,4
T0505,PRIMARY,2026-09-14,2026-09-21,2026-09-28,11.0,4
T0506,PRIMARY,2026-09-14,2026-09-21,2026-09-28,12.0,4
T0507,PRIMARY,2026-09-14,2026-09-21,2026-09-28,13.0,4
T0508,PRIMARY,2026-09-14,2026-09-21,2026-09-28,14.0,4
T0509,PRIMARY,2026-09-14,2026-09-21,2026-09-28,15.0,4
T0510,PRIMARY,2026-09-14,2026-09-21,2026-09-28,16.0,4
T0511,PRIMARY,2026-09-14,2026-09-21,2026-09-28,17.0,4
T0512,PRIMARY,2026-09-14,2026-09-21,2026-09-28,18.0,4
T0513,PRIMARY,2026-09-14,2026-09-21,2026-09-28,19.0,4
T0514,PRIMARY,2026-09-14,2026-09-21,2026-09-28,20.0,4
T0515,PRIMARY,2026-09-14,2026-09-21,2026-09-28,21.0,4
T0516,PRIMARY,2026-09-14,2026-09-21,2026-09-28,22.0,4
T0517,PRIMARY,2026-09-14,2026-09-21,2026-09-28,23.0,4
T0518,PRIMARY,2026-09-14,2026-09-21,2026-09-28,24.0,4
T0519,PRIMARY,2026-09-14,2026-09-21,2026-09-28,25.0,4
T0520,PRIMARY,2026-09-14,2026-09-21,2026-09-28,26.0,4
T0521,PRIMARY,2026-09-14,2026-09-21,2026-09-28,27.0,4
T0522,PRIMARY,2026-09-14,2026-09-21,2026-09-28,28.0,4
T0523,PRIMARY,2026-09-14,2026-09-21,2026-09-28,29.0,4
T0524,PRIMARY,2026-09-14,2026-09-21,2026-09-28,30.0,4
T0525,PRIMARY,2026-09-14,2026-09-21,2026-09-28,31.0,4
T0526,PRIMARY,2026-09-14,2026-09-21,2026-09-28,32.0,4
T0527,PRIMARY,2026-09-14,2026-09-21,2026-09-28,33.0,4
T0528,PRIMARY,2026-09-14,2026-09-21,2026-09-28,34.0,4
T0529,PRIMARY,2026-09-14,2026-09-21,2026-09-28,35.0,4
T0530,PRIMARY,2026-09-14,2026-09-21,2026-09-28,36.0,4
T0531,PRIMARY,2026-09-14,2026-09-21,2026-09-28,37.0,4
T0532,PRIMARY,2026-09-14,2026-09-21,2026-09-28,38.0,4
T0533,PRIMARY,2026-09-14,2026-09-21,2026-09-28,39.0,4
T0534,PRIMARY,2026-09-14,2026-09-21,2026-09-28,40.0,4
T0535,PRIMARY,2026-09-14,2026-09-21,2026-09-28,41.0,4
T0536,PRIMARY,2026-09-15,2026-09-22,2026-09-29,7.0,4
T0537,PRIMARY,2026-09-15,2026-09-22,2026-09-29,8.0,4
T0538,PRIMARY,2026-09-15,2026-09-22,2026-09-29,9.0,4
T0539,PRIMARY,2026-09-15,2026-09-22,2026-09-29,10.0,4
T0540,PRIMARY,2026-09-15,2026-09-22,2026-09-29,11.0,4
T0541,PRIMARY,2026-09-15,2026-09-22,2026-09-29,12.0,4
T0542,PRIMARY,2026-09-15,2026-09-22,2026-09-29,13.0,4
T0543,PRIMARY,2026-09-15,2026-09-22,2026-09-29,14.0,4
T0544,PRIMARY,2026-09-15,2026-09-22,2026-09-29,15.0,4
T0545,PRIMARY,2026-09-15,2026-09-22,2026-09-29,16.0,4
T0546,PRIMARY,2026-09-15,2026-09-22,2026-09-29,17.0,4
T0547,PRIMARY,2026-09-15,2026-09-22,2026-09-29,18.0,4
T0548,PRIMARY,2026-09-15,2026-09-22,2026-09-29,19.0,4
T0549,PRIMARY,2026-09-15,2026-09-22,2026-09-29,20.0,4
T0550,PRIMARY,2026-09-15,2026-09-22,2026-09-29,21.0,4
T0551,PRIMARY,2026-09-15,2026-09-22,2026-09-29,22.0,4
T0552,PRIMARY,2026-09-15,2026-09-22,2026-09-29,23.0,4
T0553,PRIMARY,2026-09-15,2026-09-22,2026-09-29,24.0,4
T0554,PRIMARY,2026-09-15,2026-09-22,2026-09-29,25.0,4
T0555,PRIMARY,2026-09-15,2026-09-22,2026-09-29,26.0,4
T0556,PRIMARY,2026-09-15,2026-09-22,2026-09-29,27.0,4
T0557,PRIMARY,2026-09-15,2026-09-22,2026-09-29,28.0,4
T0558,PRIMARY,2026-09-15,2026-09-22,2026-09-29,29.0,4
T0559,PRIMARY,2026-09-15,2026-09-22,2026-09-29,30.0,4
T0560,PRIMARY,2026-09-15,2026-09-22,2026-09-29,31.0,4
T0561,PRIMARY,2026-09-15,2026-09-22,2026-09-29,32.0,4
T0562,PRIMARY,2026-09-15,2026-09-22,2026-09-29,33.0,4
T0563,PRIMARY,2026-09-15,2026-09-22,2026-09-29,34.0,4
T0564,PRIMARY,2026-09-15,2026-09-22,2026-09-29,35.0,4
T0565,PRIMARY,2026-09-15,2026-09-22,2026-09-29,36.0,4
T0566,PRIMARY,2026-09-15,2026-09-22,2026-09-29,37.0,4
T0567,PRIMARY,2026-09-15,2026-09-22,2026-09-29,38.0,4
T0568,PRIMARY,2026-09-15,2026-09-22,2026-09-29,39.0,4
T0569,PRIMARY,2026-09-15,2026-09-22,2026-09-29,40.0,4
T0570,PRIMARY,2026-09-16,2026-09-23,2026-09-30,5.0,4
T0571,PRIMARY,2026-09-16,2026-09-23,2026-09-30,6.0,4
T0572,PRIMARY,2026-09-16,2026-09-23,2026-09-30,7.0,4
T0573,PRIMARY,2026-09-16,2026-09-23,2026-09-30,8.0,4
T0574,PRIMARY,2026-09-16,2026-09-23,2026-09-30,9.0,4
T0575,PRIMARY,2026-09-16,2026-09-23,2026-09-30,10.0,4
T0576,PRIMARY,2026-09-16,2026-09-23,2026-09-30,11.0,4
T0577,PRIMARY,2026-09-16,2026-09-23,2026-09-30,12.0,4
T0578,PRIMARY,2026-09-16,2026-09-23,2026-09-30,13.0,4
T0579,PRIMARY,2026-09-16,2026-09-23,2026-09-30,14.0,4
T0580,PRIMARY,2026-09-16,2026-09-23,2026-09-30,15.0,4
T0581,PRIMARY,2026-09-16,2026-09-23,2026-09-30,16.0,4
T0582,PRIMARY,2026-09-16,2026-09-23,2026-09-30,17.0,4
T0583,PRIMARY,2026-09-16,2026-09-23,2026-09-30,18.0,4
T0584,PRIMARY,2026-09-16,2026-09-23,2026-09-30,19.0,4
T0585,PRIMARY,2026-09-16,2026-09-23,2026-09-30,20.0,4
T0586,PRIMARY,2026-09-16,2026-09-23,2026-09-30,21.0,4
T0587,PRIMARY,2026-09-16,2026-09-23,2026-09-30,22.0,4
T0588,PRIMARY,2026-09-16,2026-09-23,2026-09-30,23.0,4
T0589,PRIMARY,2026-09-16,2026-09-23,2026-09-30,24.0,4
T0590,PRIMARY,2026-09-16,2026-09-23,2026-09-30,25.0,4
T0591,PRIMARY,2026-09-16,2026-09-23,2026-09-30,26.0,4
T0592,PRIMARY,2026-09-16,2026-09-23,2026-09-30,27.0,4
T0593,PRIMARY,2026-09-16,2026-09-23,2026-09-30,28.0,4
T0594,PRIMARY,2026-09-16,2026-09-23,2026-09-30,29.0,4
T0595,PRIMARY,2026-09-16,2026-09-23,2026-09-30,30.0,4
T0596,PRIMARY,2026-09-16,2026-09-23,2026-09-30,31.0,4
T0597,PRIMARY,2026-09-16,2026-09-23,2026-09-30,32.0,4
T0598,PRIMARY,2026-09-16,2026-09-23,2026-09-30,33.0,4
T0599,PRIMARY,2026-09-16,2026-09-23,2026-09-30,34.0,4
T0600,PRIMARY,2026-09-16,2026-09-23,2026-09-30,35.0,4
T0601,PRIMARY,2026-09-16,2026-09-23,2026-09-30,36.0,4
T0602,PRIMARY,2026-09-16,2026-09-23,2026-09-30,37.0,4
T0603,PRIMARY,2026-09-16,2026-09-23,2026-09-30,38.0,4
T0604,PRIMARY,2026-09-16,2026-09-23,2026-09-30,39.0,4
T0605,PRIMARY,2026-09-16,2026-09-23,2026-09-30,40.0,4
T0606,PRIMARY,2026-09-17,2026-09-24,2026-10-01,1.0,4
T0607,PRIMARY,2026-09-17,2026-09-24,2026-10-01,2.0,4
T0608,PRIMARY,2026-09-17,2026-09-24,2026-10-01,3.0,4
T0609,PRIMARY,2026-09-17,2026-09-24,2026-10-01,4.0,4
T0610,PRIMARY,2026-09-17,2026-09-24,2026-10-01,5.0,4
T0611,PRIMARY,2026-09-17,2026-09-24,2026-10-01,6.0,4
T0612,PRIMARY,2026-09-17,2026-09-24,2026-10-01,7.0,4
T0613,PRIMARY,2026-09-17,2026-09-24,2026-10-01,8.0,4
T0614,PRIMARY,2026-09-17,2026-09-24,2026-10-01,9.0,4
T0615,PRIMARY,2026-09-17,2026-09-24,2026-10-01,10.0,4
T0616,PRIMARY,2026-09-17,2026-09-24,2026-10-01,11.0,4
T0617,PRIMARY,2026-09-17,2026-09-24,2026-10-01,12.0,4
T0618,PRIMARY,2026-09-17,2026-09-24,2026-10-01,13.0,4
T0619,PRIMARY,2026-09-17,2026-09-24,2026-10-01,14.0,4
T0620,PRIMARY,2026-09-17,2026-09-24,2026-10-01,15.0,4
T0621,PRIMARY,2026-09-17,2026-09-24,2026-10-01,16.0,4
T0622,PRIMARY,2026-09-17,2026-09-24,2026-10-01,17.0,4
T0623,PRIMARY,2026-09-17,2026-09-24,2026-10-01,18.0,4
T0624,PRIMARY,2026-09-17,2026-09-24,2026-10-01,19.0,4
T0625,PRIMARY,2026-09-17,2026-09-24,2026-10-01,20.0,4
T0626,PRIMARY,2026-09-17,2026-09-24,2026-10-01,21.0,4
T0627,PRIMARY,2026-09-17,2026-09-24,2026-10-01,22.0,4
T0628,PRIMARY,2026-09-17,2026-09-24,2026-10-01,23.0,4
T0629,PRIMARY,2026-09-17,2026-09-24,2026-10-01,24.0,4
T0630,PRIMARY,2026-09-17,2026-09-24,2026-10-01,25.0,4
T0631,PRIMARY,2026-09-17,2026-09-24,2026-10-01,26.0,4
T0632,PRIMARY,2026-09-17,2026-09-24,2026-10-01,27.0,4
T0633,PRIMARY,2026-09-17,2026-09-24,2026-10-01,28.0,4
T0634,PRIMARY,2026-09-17,2026-09-24,2026-10-01,29.0,4
T0635,PRIMARY,2026-09-17,2026-09-24,2026-10-01,30.0,4
T0636,PRIMARY,2026-09-17,2026-09-24,2026-10-01,31.0,4
T0637,PRIMARY,2026-09-17,2026-09-24,2026-10-01,32.0,4
T0638,PRIMARY,2026-09-17,2026-09-24,2026-10-01,33.0,4
T0639,PRIMARY,2026-09-17,2026-09-24,2026-10-01,34.0,4
T0640,PRIMARY,2026-09-17,2026-09-24,2026-10-01,35.0,4
T0641,PRIMARY,2026-09-17,2026-09-24,2026-10-01,36.0,4
T0642,PRIMARY,2026-09-17,2026-09-24,2026-10-01,37.0,4
T0643,PRIMARY,2026-09-17,2026-09-24,2026-10-01,38.0,4
T0644,PRIMARY,2026-09-17,2026-09-24,2026-10-01,39.0,4
T0645,PRIMARY,2026-09-17,2026-09-24,2026-10-01,40.0,4
T0646,PRIMARY,2026-09-18,2026-09-25,2026-10-02,1.0,5
T0647,PRIMARY,2026-09-18,2026-09-25,2026-10-02,2.0,5
T0648,PRIMARY,2026-09-18,2026-09-25,2026-10-02,3.0,5
T0649,PRIMARY,2026-09-18,2026-09-25,2026-10-02,4.0,5
T0650,PRIMARY,2026-09-18,2026-09-25,2026-10-02,5.0,5
T0651,PRIMARY,2026-09-18,2026-09-25,2026-10-02,6.0,5
T0652,PRIMARY,2026-09-18,2026-09-25,2026-10-02,7.0,5
T0653,PRIMARY,2026-09-18,2026-09-25,2026-10-02,8.0,5
T0654,PRIMARY,2026-09-18,2026-09-25,2026-10-02,9.0,5
T0655,PRIMARY,2026-09-18,2026-09-25,2026-10-02,10.0,5
T0656,PRIMARY,2026-09-18,2026-09-25,2026-10-02,11.0,5
T0657,PRIMARY,2026-09-18,2026-09-25,2026-10-02,12.0,5
T0658,PRIMARY,2026-09-18,2026-09-25,2026-10-02,13.0,5
T0659,PRIMARY,2026-09-18,2026-09-25,2026-10-02,14.0,5
T0660,PRIMARY,2026-09-18,2026-09-25,2026-10-02,15.0,5
T0661,PRIMARY,2026-09-18,2026-09-25,2026-10-02,16.0,5
T0662,PRIMARY,2026-09-18,2026-09-25,2026-10-02,17.0,5
T0663,PRIMARY,2026-09-18,2026-09-25,2026-10-02,18.0,5
T0664,PRIMARY,2026-09-18,2026-09-25,2026-10-02,19.0,5
T0665,PRIMARY,2026-09-18,2026-09-25,2026-10-02,20.0,5
T0666,PRIMARY,2026-09-18,2026-09-25,2026-10-02,21.0,5
T0667,PRIMARY,2026-09-18,2026-09-25,2026-10-02,22.0,5
T0668,PRIMARY,2026-09-18,2026-09-25,2026-10-02,23.0,5
T0669,PRIMARY,2026-09-18,2026-09-25,2026-10-02,24.0,5
T0670,PRIMARY,2026-09-18,2026-09-25,2026-10-02,25.0,5
T0671,PRIMARY,2026-09-18,2026-09-25,2026-10-02,26.0,5
T0672,PRIMARY,2026-09-18,2026-09-25,2026-10-02,27.0,5
T0673,PRIMARY,2026-09-18,2026-09-25,2026-10-02,28.0,5
T0674,PRIMARY,2026-09-18,2026-09-25,2026-10-02,29.0,5
T0675,PRIMARY,2026-09-18,2026-09-25,2026-10-02,30.0,5
T0676,PRIMARY,2026-09-18,2026-09-25,2026-10-02,31.0,5
T0677,PRIMARY,2026-09-18,2026-09-25,2026-10-02,32.0,5
T0678,PRIMARY,2026-09-18,2026-09-25,2026-10-02,33.0,5
T0679,PRIMARY,2026-09-18,2026-09-25,2026-10-02,34.0,5
T0680,PRIMARY,2026-09-18,2026-09-25,2026-10-02,35.0,5
T0681,PRIMARY,2026-09-18,2026-09-25,2026-10-02,36.0,5
T0682,PRIMARY,2026-09-18,2026-09-25,2026-10-02,37.0,5
T0683,PRIMARY,2026-09-18,2026-09-25,2026-10-02,38.0,5
T0684,PRIMARY,2026-09-18,2026-09-25,2026-10-02,39.0,5
T0685,PRIMARY,2026-09-18,2026-09-25,2026-10-02,40.0,5
T0686,PRIMARY,2026-09-21,2026-09-28,2026-10-05,1.0,5
T0687,PRIMARY,2026-09-21,2026-09-28,2026-10-05,2.0,5
T0688,PRIMARY,2026-09-21,2026-09-28,2026-10-05,3.0,5
T0689,PRIMARY,2026-09-21,2026-09-28,2026-10-05,4.0,5
T0690,PRIMARY,2026-09-21,2026-09-28,2026-10-05,5.0,5
T0691,PRIMARY,2026-09-21,2026-09-28,2026-10-05,6.0,5
T0692,PRIMARY,2026-09-21,2026-09-28,2026-10-05,7.0,5
T0693,PRIMARY,2026-09-21,2026-09-28,2026-10-05,8.0,5
T0694,PRIMARY,2026-09-21,2026-09-28,2026-10-05,9.0,5
T0695,PRIMARY,2026-09-21,2026-09-28,2026-10-05,10.0,5
T0696,PRIMARY,2026-09-21,2026-09-28,2026-10-05,11.0,5
T0697,PRIMARY,2026-09-21,2026-09-28,2026-10-05,12.0,5
T0698,PRIMARY,2026-09-21,2026-09-28,2026-10-05,13.0,5
T0699,PRIMARY,2026-09-21,2026-09-28,2026-10-05,14.0,5
T0700,PRIMARY,2026-09-21,2026-09-28,2026-10-05,15.0,5
T0701,PRIMARY,2026-09-21,2026-09-28,2026-10-05,16.0,5
T0702,PRIMARY,2026-09-21,2026-09-28,2026-10-05,17.0,5
T0703,PRIMARY,2026-09-21,2026-09-28,2026-10-05,18.0,5
T0704,PRIMARY,2026-09-21,2026-09-28,2026-10-05,19.0,5
T0705,PRIMARY,2026-09-21,2026-09-28,2026-10-05,20.0,5
T0706,PRIMARY,2026-09-21,2026-09-28,2026-10-05,21.0,5
T0707,PRIMARY,2026-09-21,2026-09-28,2026-10-05,22.0,5
T0708,PRIMARY,2026-09-21,2026-09-28,2026-10-05,23.0,5
T0709,PRIMARY,2026-09-21,2026-09-28,2026-10-05,24.0,5
T0710,PRIMARY,2026-09-21,2026-09-28,2026-10-05,25.0,5
T0711,PRIMARY,2026-09-21,2026-09-28,2026-10-05,26.0,5
T0712,PRIMARY,2026-09-21,2026-09-28,2026-10-05,27.0,5
T0713,PRIMARY,2026-09-21,2026-09-28,2026-10-05,28.0,5
T0714,PRIMARY,2026-09-21,2026-09-28,2026-10-05,29.0,5
T0715,PRIMARY,2026-09-21,2026-09-28,2026-10-05,30.0,5
T0716,PRIMARY,2026-09-21,2026-09-28,2026-10-05,31.0,5
T0717,PRIMARY,2026-09-21,2026-09-28,2026-10-05,32.0,5
T0718,PRIMARY,2026-09-21,2026-09-28,2026-10-05,33.0,5
T0719,PRIMARY,2026-09-21,2026-09-28,2026-10-05,34.0,5
T0720,PRIMARY,2026-09-21,2026-09-28,2026-10-05,35.0,5
T0721,PRIMARY,2026-09-21,2026-09-28,2026-10-05,36.0,5
T0722,PRIMARY,2026-09-21,2026-09-28,2026-10-05,37.0,5
T0723,PRIMARY,2026-09-21,2026-09-28,2026-10-05,38.0,5
T0724,PRIMARY,2026-09-21,2026-09-28,2026-10-05,39.0,5
T0725,PRIMARY,2026-09-21,2026-09-28,2026-10-05,40.0,5
T0726,PRIMARY,2026-09-22,2026-09-29,2026-10-06,1.0,5
T0727,PRIMARY,2026-09-22,2026-09-29,2026-10-06,2.0,5
T0728,PRIMARY,2026-09-22,2026-09-29,2026-10-06,3.0,5
T0729,PRIMARY,2026-09-22,2026-09-29,2026-10-06,4.0,5
T0730,PRIMARY,2026-09-22,2026-09-29,2026-10-06,5.0,5
T0731,PRIMARY,2026-09-22,2026-09-29,2026-10-06,6.0,5
T0732,PRIMARY,2026-09-22,2026-09-29,2026-10-06,7.0,5
T0733,PRIMARY,2026-09-22,2026-09-29,2026-10-06,8.0,5
T0734,PRIMARY,2026-09-22,2026-09-29,2026-10-06,9.0,5
T0735,PRIMARY,2026-09-22,2026-09-29,2026-10-06,10.0,5
T0736,PRIMARY,2026-09-22,2026-09-29,2026-10-06,11.0,5
T0737,PRIMARY,2026-09-22,2026-09-29,2026-10-06,12.0,5
T0738,PRIMARY,2026-09-22,2026-09-29,2026-10-06,13.0,5
T0739,PRIMARY,2026-09-22,2026-09-29,2026-10-06,14.0,5
T0740,PRIMARY,2026-09-22,2026-09-29,2026-10-06,15.0,5
T0741,PRIMARY,2026-09-22,2026-09-29,2026-10-06,16.0,5
T0742,PRIMARY,2026-09-22,2026-09-29,2026-10-06,17.0,5
T0743,PRIMARY,2026-09-22,2026-09-29,2026-10-06,18.0,5
T0744,PRIMARY,2026-09-22,2026-09-29,2026-10-06,19.0,5
T0745,PRIMARY,2026-09-22,2026-09-29,2026-10-06,20.0,5
T0746,PRIMARY,2026-09-22,2026-09-29,2026-10-06,21.0,5
T0747,PRIMARY,2026-09-22,2026-09-29,2026-10-06,22.0,5
T0748,PRIMARY,2026-09-22,2026-09-29,2026-10-06,23.0,5
T0749,PRIMARY,2026-09-22,2026-09-29,2026-10-06,24.0,5
T0750,PRIMARY,2026-09-22,2026-09-29,2026-10-06,25.0,5
T0751,PRIMARY,2026-09-22,2026-09-29,2026-10-06,26.0,5
T0752,PRIMARY,2026-09-22,2026-09-29,2026-10-06,27.0,5
T0753,PRIMARY,2026-09-22,2026-09-29,2026-10-06,28.0,5
T0754,PRIMARY,2026-09-22,2026-09-29,2026-10-06,29.0,5
T0755,PRIMARY,2026-09-22,2026-09-29,2026-10-06,30.0,5
T0756,PRIMARY,2026-09-22,2026-09-29,2026-10-06,31.0,5
T0757,PRIMARY,2026-09-22,2026-09-29,2026-10-06,32.0,5
T0758,PRIMARY,2026-09-22,2026-09-29,2026-10-06,33.0,5
T0759,PRIMARY,2026-09-22,2026-09-29,2026-10-06,34.0,5
T0760,PRIMARY,2026-09-22,2026-09-29,2026-10-06,35.0,5
T0761,PRIMARY,2026-09-22,2026-09-29,2026-10-06,36.0,5
T0762,PRIMARY,2026-09-22,2026-09-29,2026-10-06,37.0,5
T0763,PRIMARY,2026-09-22,2026-09-29,2026-10-06,38.0,5
T0764,PRIMARY,2026-09-22,2026-09-29,2026-10-06,39.0,5
T0765,PRIMARY,2026-09-22,2026-09-29,2026-10-06,40.0,5
T0766,PRIMARY,2026-09-23,2026-09-30,2026-10-07,1.0,5
T0767,PRIMARY,2026-09-23,2026-09-30,2026-10-07,2.0,5
T0768,PRIMARY,2026-09-23,2026-09-30,2026-10-07,3.0,5
T0769,PRIMARY,2026-09-23,2026-09-30,2026-10-07,4.0,5
T0770,PRIMARY,2026-09-23,2026-09-30,2026-10-07,5.0,5
T0771,PRIMARY,2026-09-23,2026-09-30,2026-10-07,6.0,5
T0772,PRIMARY,2026-09-23,2026-09-30,2026-10-07,7.0,5
T0773,PRIMARY,2026-09-23,2026-09-30,2026-10-07,8.0,5
T0774,PRIMARY,2026-09-23,2026-09-30,2026-10-07,9.0,5
T0775,PRIMARY,2026-09-23,2026-09-30,2026-10-07,10.0,5
T0776,PRIMARY,2026-09-23,2026-09-30,2026-10-07,11.0,5
T0777,PRIMARY,2026-09-23,2026-09-30,2026-10-07,12.0,5
T0778,PRIMARY,2026-09-23,2026-09-30,2026-10-07,13.0,5
T0779,PRIMARY,2026-09-23,2026-09-30,2026-10-07,14.0,5
T0780,PRIMARY,2026-09-23,2026-09-30,2026-10-07,15.0,5
T0781,PRIMARY,2026-09-23,2026-09-30,2026-10-07,16.0,5
T0782,PRIMARY,2026-09-23,2026-09-30,2026-10-07,17.0,5
T0783,PRIMARY,2026-09-23,2026-09-30,2026-10-07,18.0,5
T0784,PRIMARY,2026-09-23,2026-09-30,2026-10-07,19.0,5
T0785,PRIMARY,2026-09-23,2026-09-30,2026-10-07,20.0,5
T0786,PRIMARY,2026-09-23,2026-09-30,2026-10-07,21.0,5
T0787,PRIMARY,2026-09-23,2026-09-30,2026-10-07,22.0,5
T0788,PRIMARY,2026-09-23,2026-09-30,2026-10-07,23.0,5
T0789,PRIMARY,2026-09-23,2026-09-30,2026-10-07,24.0,5
T0790,PRIMARY,2026-09-23,2026-09-30,2026-10-07,25.0,5
T0791,PRIMARY,2026-09-23,2026-09-30,2026-10-07,26.0,5
T0792,PRIMARY,2026-09-23,2026-09-30,2026-10-07,27.0,5
T0793,PRIMARY,2026-09-23,2026-09-30,2026-10-07,28.0,5
T0794,PRIMARY,2026-09-23,2026-09-30,2026-10-07,29.0,5
T0795,PRIMARY,2026-09-23,2026-09-30,2026-10-07,30.0,5
T0796,PRIMARY,2026-09-23,2026-09-30,2026-10-07,31.0,5
T0797,PRIMARY,2026-09-23,2026-09-30,2026-10-07,32.0,5
T0798,PRIMARY,2026-09-23,2026-09-30,2026-10-07,33.0,5
T0799,PRIMARY,2026-09-23,2026-09-30,2026-10-07,34.0,5
T0800,PRIMARY,2026-09-23,2026-09-30,2026-10-07,35.0,5
T0801,PRIMARY,2026-09-23,2026-09-30,2026-10-07,36.0,5
T0802,PRIMARY,2026-09-23,2026-09-30,2026-10-07,37.0,5
T0803,PRIMARY,2026-09-23,2026-09-30,2026-10-07,38.0,5
T0804,PRIMARY,2026-09-23,2026-09-30,2026-10-07,39.0,5
T0805,PRIMARY,2026-09-23,2026-09-30,2026-10-07,40.0,5
T0806,PRIMARY,2026-09-24,2026-10-01,2026-10-08,1.0,5
T0807,PRIMARY,2026-09-24,2026-10-01,2026-10-08,2.0,5
T0808,PRIMARY,2026-09-24,2026-10-01,2026-10-08,3.0,5
T0809,PRIMARY,2026-09-24,2026-10-01,2026-10-08,4.0,5
T0810,PRIMARY,2026-09-24,2026-10-01,2026-10-08,5.0,5
T0811,PRIMARY,2026-09-24,2026-10-01,2026-10-08,6.0,5
T0812,PRIMARY,2026-09-24,2026-10-01,2026-10-08,7.0,5
T0813,PRIMARY,2026-09-24,2026-10-01,2026-10-08,8.0,5
T0814,PRIMARY,2026-09-24,2026-10-01,2026-10-08,9.0,5
T0815,PRIMARY,2026-09-24,2026-10-01,2026-10-08,10.0,5
T0816,PRIMARY,2026-09-24,2026-10-01,2026-10-08,11.0,5
T0817,PRIMARY,2026-09-24,2026-10-01,2026-10-08,12.0,5
T0818,PRIMARY,2026-09-24,2026-10-01,2026-10-08,13.0,5
T0819,PRIMARY,2026-09-24,2026-10-01,2026-10-08,14.0,5
T0820,PRIMARY,2026-09-24,2026-10-01,2026-10-08,15.0,5
T0821,PRIMARY,2026-09-24,2026-10-01,2026-10-08,16.0,5
T0822,PRIMARY,2026-09-24,2026-10-01,2026-10-08,17.0,5
T0823,PRIMARY,2026-09-24,2026-10-01,2026-10-08,18.0,5
T0824,PRIMARY,2026-09-24,2026-10-01,2026-10-08,19.0,5
T0825,PRIMARY,2026-09-24,2026-10-01,2026-10-08,20.0,5
T0826,PRIMARY,2026-09-24,2026-10-01,2026-10-08,21.0,5
T0827,PRIMARY,2026-09-24,2026-10-01,2026-10-08,22.0,5
T0828,PRIMARY,2026-09-24,2026-10-01,2026-10-08,23.0,5
T0829,PRIMARY,2026-09-24,2026-10-01,2026-10-08,24.0,5
T0830,PRIMARY,2026-09-24,2026-10-01,2026-10-08,25.0,5
T0831,PRIMARY,2026-09-24,2026-10-01,2026-10-08,26.0,5
T0832,PRIMARY,2026-09-24,2026-10-01,2026-10-08,27.0,5
T0833,PRIMARY,2026-09-24,2026-10-01,2026-10-08,28.0,5
T0834,PRIMARY,2026-09-24,2026-10-01,2026-10-08,29.0,5
T0835,PRIMARY,2026-09-24,2026-10-01,2026-10-08,30.0,5
T0836,PRIMARY,2026-09-24,2026-10-01,2026-10-08,31.0,5
T0837,PRIMARY,2026-09-24,2026-10-01,2026-10-08,32.0,5
T0838,PRIMARY,2026-09-24,2026-10-01,2026-10-08,33.0,5
T0839,PRIMARY,2026-09-24,2026-10-01,2026-10-08,34.0,5
T0840,PRIMARY,2026-09-24,2026-10-01,2026-10-08,35.0,5
T0841,PRIMARY,2026-09-24,2026-10-01,2026-10-08,36.0,5
T0842,PRIMARY,2026-09-24,2026-10-01,2026-10-08,37.0,5
T0843,PRIMARY,2026-09-24,2026-10-01,2026-10-08,38.0,5
T0844,PRIMARY,2026-09-24,2026-10-01,2026-10-08,39.0,5
T0845,PRIMARY,2026-09-24,2026-10-01,2026-10-08,40.0,5
T0846,PRIMARY,2026-09-25,2026-10-02,2026-10-09,1.0,6
T0847,PRIMARY,2026-09-25,2026-10-02,2026-10-09,2.0,6
T0848,PRIMARY,2026-09-25,2026-10-02,2026-10-09,3.0,6
T0849,PRIMARY,2026-09-25,2026-10-02,2026-10-09,4.0,6
T0850,PRIMARY,2026-09-25,2026-10-02,2026-10-09,5.0,6
T0851,PRIMARY,2026-09-25,2026-10-02,2026-10-09,6.0,6
T0852,PRIMARY,2026-09-25,2026-10-02,2026-10-09,7.0,6
T0853,PRIMARY,2026-09-25,2026-10-02,2026-10-09,8.0,6
T0854,PRIMARY,2026-09-25,2026-10-02,2026-10-09,9.0,6
T0855,PRIMARY,2026-09-25,2026-10-02,2026-10-09,10.0,6
T0856,PRIMARY,2026-09-25,2026-10-02,2026-10-09,11.0,6
T0857,PRIMARY,2026-09-25,2026-10-02,2026-10-09,12.0,6
T0858,PRIMARY,2026-09-25,2026-10-02,2026-10-09,13.0,6
T0859,PRIMARY,2026-09-25,2026-10-02,2026-10-09,14.0,6
T0860,PRIMARY,2026-09-25,2026-10-02,2026-10-09,15.0,6
T0861,PRIMARY,2026-09-25,2026-10-02,2026-10-09,16.0,6
T0862,PRIMARY,2026-09-25,2026-10-02,2026-10-09,17.0,6
T0863,PRIMARY,2026-09-25,2026-10-02,2026-10-09,18.0,6
T0864,PRIMARY,2026-09-25,2026-10-02,2026-10-09,19.0,6
T0865,PRIMARY,2026-09-25,2026-10-02,2026-10-09,20.0,6
T0866,PRIMARY,2026-09-25,2026-10-02,2026-10-09,21.0,6
T0867,PRIMARY,2026-09-25,2026-10-02,2026-10-09,22.0,6
T0868,PRIMARY,2026-09-25,2026-10-02,2026-10-09,23.0,6
T0869,PRIMARY,2026-09-25,2026-10-02,2026-10-09,24.0,6
T0870,PRIMARY,2026-09-25,2026-10-02,2026-10-09,25.0,6
T0871,PRIMARY,2026-09-25,2026-10-02,2026-10-09,26.0,6
T0872,PRIMARY,2026-09-25,2026-10-02,2026-10-09,27.0,6
T0873,PRIMARY,2026-09-25,2026-10-02,2026-10-09,28.0,6
T0874,PRIMARY,2026-09-25,2026-10-02,2026-10-09,29.0,6
T0875,PRIMARY,2026-09-25,2026-10-02,2026-10-09,30.0,6
T0876,PRIMARY,2026-09-25,2026-10-02,2026-10-09,31.0,6
T0877,PRIMARY,2026-09-25,2026-10-02,2026-10-09,32.0,6
T0878,PRIMARY,2026-09-25,2026-10-02,2026-10-09,33.0,6
T0879,PRIMARY,2026-09-25,2026-10-02,2026-10-09,34.0,6
T0880,PRIMARY,2026-09-25,2026-10-02,2026-10-09,35.0,6
T0881,PRIMARY,2026-09-25,2026-10-02,2026-10-09,36.0,6
T0882,PRIMARY,2026-09-25,2026-10-02,2026-10-09,37.0,6
T0883,PRIMARY,2026-09-25,2026-10-02,2026-10-09,38.0,6
T0884,PRIMARY,2026-09-25,2026-10-02,2026-10-09,39.0,6
T0885,PRIMARY,2026-09-25,2026-10-02,2026-10-09,40.0,6
T0886,PRIMARY,2026-09-28,2026-10-05,2026-10-12,1.0,6
T0887,PRIMARY,2026-09-28,2026-10-05,2026-10-12,2.0,6
T0888,PRIMARY,2026-09-28,2026-10-05,2026-10-12,3.0,6
T0889,PRIMARY,2026-09-28,2026-10-05,2026-10-12,4.0,6
T0890,PRIMARY,2026-09-28,2026-10-05,2026-10-12,5.0,6
T0891,PRIMARY,2026-09-28,2026-10-05,2026-10-12,6.0,6
T0892,PRIMARY,2026-09-28,2026-10-05,2026-10-12,7.0,6
T0893,PRIMARY,2026-09-28,2026-10-05,2026-10-12,8.0,6
T0894,PRIMARY,2026-09-28,2026-10-05,2026-10-12,9.0,6
T0895,PRIMARY,2026-09-28,2026-10-05,2026-10-12,10.0,6
T0896,PRIMARY,2026-09-28,2026-10-05,2026-10-12,11.0,6
T0897,PRIMARY,2026-09-28,2026-10-05,2026-10-12,12.0,6
T0898,PRIMARY,2026-09-28,2026-10-05,2026-10-12,13.0,6
T0899,PRIMARY,2026-09-28,2026-10-05,2026-10-12,14.0,6
T0900,PRIMARY,2026-09-28,2026-10-05,2026-10-12,15.0,6
T0901,PRIMARY,2026-09-28,2026-10-05,2026-10-12,16.0,6
T0902,PRIMARY,2026-09-28,2026-10-05,2026-10-12,17.0,6
T0903,PRIMARY,2026-09-28,2026-10-05,2026-10-12,18.0,6
T0904,PRIMARY,2026-09-28,2026-10-05,2026-10-12,19.0,6
T0905,PRIMARY,2026-09-28,2026-10-05,2026-10-12,20.0,6
T0906,PRIMARY,2026-09-28,2026-10-05,2026-10-12,21.0,6
T0907,PRIMARY,2026-09-28,2026-10-05,2026-10-12,22.0,6
T0908,PRIMARY,2026-09-28,2026-10-05,2026-10-12,23.0,6
T0909,PRIMARY,2026-09-28,2026-10-05,2026-10-12,24.0,6
T0910,PRIMARY,2026-09-28,2026-10-05,2026-10-12,25.0,6
T0911,PRIMARY,2026-09-28,2026-10-05,2026-10-12,26.0,6
T0912,PRIMARY,2026-09-28,2026-10-05,2026-10-12,27.0,6
T0913,PRIMARY,2026-09-28,2026-10-05,2026-10-12,28.0,6
T0914,PRIMARY,2026-09-28,2026-10-05,2026-10-12,29.0,6
T0915,PRIMARY,2026-09-28,2026-10-05,2026-10-12,30.0,6
T0916,PRIMARY,2026-09-28,2026-10-05,2026-10-12,31.0,6
T0917,PRIMARY,2026-09-28,2026-10-05,2026-10-12,32.0,6
T0918,PRIMARY,2026-09-28,2026-10-05,2026-10-12,33.0,6
T0919,PRIMARY,2026-09-28,2026-10-05,2026-10-12,34.0,6
T0920,PRIMARY,2026-09-28,2026-10-05,2026-10-12,35.0,6
T0921,PRIMARY,2026-09-28,2026-10-05,2026-10-12,36.0,6
T0922,PRIMARY,2026-09-28,2026-10-05,2026-10-12,37.0,6
T0923,PRIMARY,2026-09-28,2026-10-05,2026-10-12,38.0,6
T0924,PRIMARY,2026-09-28,2026-10-05,2026-10-12,39.0,6
T0925,PRIMARY,2026-09-28,2026-10-05,2026-10-12,40.0,6
T0926,PRIMARY,2026-09-29,2026-10-06,2026-10-13,1.0,6
T0927,PRIMARY,2026-09-29,2026-10-06,2026-10-13,2.0,6
T0928,PRIMARY,2026-09-29,2026-10-06,2026-10-13,3.0,6
T0929,PRIMARY,2026-09-29,2026-10-06,2026-10-13,4.0,6
T0930,PRIMARY,2026-09-29,2026-10-06,2026-10-13,5.0,6
T0931,PRIMARY,2026-09-29,2026-10-06,2026-10-13,6.0,6
T0932,PRIMARY,2026-09-29,2026-10-06,2026-10-13,7.0,6
T0933,PRIMARY,2026-09-29,2026-10-06,2026-10-13,8.0,6
T0934,PRIMARY,2026-09-29,2026-10-06,2026-10-13,9.0,6
T0935,PRIMARY,2026-09-29,2026-10-06,2026-10-13,10.0,6
T0936,PRIMARY,2026-09-29,2026-10-06,2026-10-13,11.0,6
T0937,PRIMARY,2026-09-29,2026-10-06,2026-10-13,12.0,6
T0938,PRIMARY,2026-09-29,2026-10-06,2026-10-13,13.0,6
T0939,PRIMARY,2026-09-29,2026-10-06,2026-10-13,14.0,6
T0940,PRIMARY,2026-09-29,2026-10-06,2026-10-13,15.0,6
T0941,PRIMARY,2026-09-29,2026-10-06,2026-10-13,16.0,6
T0942,PRIMARY,2026-09-29,2026-10-06,2026-10-13,17.0,6
T0943,PRIMARY,2026-09-29,2026-10-06,2026-10-13,18.0,6
T0944,PRIMARY,2026-09-29,2026-10-06,2026-10-13,19.0,6
T0945,PRIMARY,2026-09-29,2026-10-06,2026-10-13,20.0,6
T0946,PRIMARY,2026-09-29,2026-10-06,2026-10-13,21.0,6
T0947,PRIMARY,2026-09-29,2026-10-06,2026-10-13,22.0,6
T0948,PRIMARY,2026-09-29,2026-10-06,2026-10-13,23.0,6
T0949,PRIMARY,2026-09-29,2026-10-06,2026-10-13,24.0,6
T0950,PRIMARY,2026-09-29,2026-10-06,2026-10-13,25.0,6
T0951,PRIMARY,2026-09-29,2026-10-06,2026-10-13,26.0,6
T0952,PRIMARY,2026-09-29,2026-10-06,2026-10-13,27.0,6
T0953,PRIMARY,2026-09-29,2026-10-06,2026-10-13,28.0,6
T0954,PRIMARY,2026-09-29,2026-10-06,2026-10-13,29.0,6
T0955,PRIMARY,2026-09-29,2026-10-06,2026-10-13,30.0,6
T0956,PRIMARY,2026-09-29,2026-10-06,2026-10-13,31.0,6
T0957,PRIMARY,2026-09-29,2026-10-06,2026-10-13,32.0,6
T0958,PRIMARY,2026-09-29,2026-10-06,2026-10-13,33.0,6
T0959,PRIMARY,2026-09-29,2026-10-06,2026-10-13,34.0,6
T0960,PRIMARY,2026-09-29,2026-10-06,2026-10-13,35.0,6
T0961,PRIMARY,2026-09-29,2026-10-06,2026-10-13,36.0,6
T0962,PRIMARY,2026-09-29,2026-10-06,2026-10-13,37.0,6
T0963,PRIMARY,2026-09-29,2026-10-06,2026-10-13,38.0,6
T0964,PRIMARY,2026-09-29,2026-10-06,2026-10-13,39.0,6
T0965,PRIMARY,2026-09-29,2026-10-06,2026-10-13,40.0,6
T0966,PRIMARY,2026-09-30,2026-10-07,2026-10-14,1.0,6
T0967,PRIMARY,2026-09-30,2026-10-07,2026-10-14,2.0,6
T0968,PRIMARY,2026-09-30,2026-10-07,2026-10-14,3.0,6
T0969,PRIMARY,2026-09-30,2026-10-07,2026-10-14,4.0,6
T0970,PRIMARY,2026-09-30,2026-10-07,2026-10-14,5.0,6
T0971,PRIMARY,2026-09-30,2026-10-07,2026-10-14,6.0,6
T0972,PRIMARY,2026-09-30,2026-10-07,2026-10-14,7.0,6
T0973,PRIMARY,2026-09-30,2026-10-07,2026-10-14,8.0,6
T0974,PRIMARY,2026-09-30,2026-10-07,2026-10-14,9.0,6
T0975,PRIMARY,2026-09-30,2026-10-07,2026-10-14,10.0,6
T0976,PRIMARY,2026-09-30,2026-10-07,2026-10-14,11.0,6
T0977,PRIMARY,2026-09-30,2026-10-07,2026-10-14,12.0,6
T0978,PRIMARY,2026-09-30,2026-10-07,2026-10-14,13.0,6
T0979,PRIMARY,2026-09-30,2026-10-07,2026-10-14,14.0,6
T0980,PRIMARY,2026-09-30,2026-10-07,2026-10-14,15.0,6
T0981,PRIMARY,2026-09-30,2026-10-07,2026-10-14,16.0,6
T0982,PRIMARY,2026-09-30,2026-10-07,2026-10-14,17.0,6
T0983,PRIMARY,2026-09-30,2026-10-07,2026-10-14,18.0,6
T0984,PRIMARY,2026-09-30,2026-10-07,2026-10-14,19.0,6
T0985,PRIMARY,2026-09-30,2026-10-07,2026-10-14,20.0,6
T0986,PRIMARY,2026-09-30,2026-10-07,2026-10-14,21.0,6
T0987,PRIMARY,2026-09-30,2026-10-07,2026-10-14,22.0,6
T0988,PRIMARY,2026-09-30,2026-10-07,2026-10-14,23.0,6
T0989,PRIMARY,2026-09-30,2026-10-07,2026-10-14,24.0,6
T0990,PRIMARY,2026-09-30,2026-10-07,2026-10-14,25.0,6
T0991,PRIMARY,2026-09-30,2026-10-07,2026-10-14,26.0,6
T0992,PRIMARY,2026-09-30,2026-10-07,2026-10-14,27.0,6
T0993,PRIMARY,2026-09-30,2026-10-07,2026-10-14,28.0,6
T0994,PRIMARY,2026-09-30,2026-10-07,2026-10-14,29.0,6
T0995,PRIMARY,2026-09-30,2026-10-07,2026-10-14,30.0,6
T0996,PRIMARY,2026-09-30,2026-10-07,2026-10-14,31.0,6
T0997,PRIMARY,2026-09-30,2026-10-07,2026-10-14,32.0,6
T0998,PRIMARY,2026-09-30,2026-10-07,2026-10-14,33.0,6
T0999,PRIMARY,2026-09-30,2026-10-07,2026-10-14,34.0,6
T1000,PRIMARY,2026-09-30,2026-10-07,2026-10-14,35.0,6
T1001,PRIMARY,2026-09-30,2026-10-07,2026-10-14,36.0,6
T1002,PRIMARY,2026-09-30,2026-10-07,2026-10-14,37.0,6
T1003,PRIMARY,2026-09-30,2026-10-07,2026-10-14,38.0,6
T1004,PRIMARY,2026-09-30,2026-10-07,2026-10-14,39.0,6
T1005,PRIMARY,2026-09-30,2026-10-07,2026-10-14,40.0,6
T1006,PRIMARY,2026-10-01,2026-10-08,2026-10-15,1.0,6
T1007,PRIMARY,2026-10-01,2026-10-08,2026-10-15,2.0,6
T1008,PRIMARY,2026-10-01,2026-10-08,2026-10-15,3.0,6
T1009,PRIMARY,2026-10-01,2026-10-08,2026-10-15,4.0,6
T1010,PRIMARY,2026-10-01,2026-10-08,2026-10-15,5.0,6
T1011,PRIMARY,2026-10-01,2026-10-08,2026-10-15,6.0,6
T1012,PRIMARY,2026-10-01,2026-10-08,2026-10-15,7.0,6
T1013,PRIMARY,2026-10-01,2026-10-08,2026-10-15,8.0,6
T1014,PRIMARY,2026-10-01,2026-10-08,2026-10-15,9.0,6
T1015,PRIMARY,2026-10-01,2026-10-08,2026-10-15,10.0,6
T1016,PRIMARY,2026-10-01,2026-10-08,2026-10-15,11.0,6
T1017,PRIMARY,2026-10-01,2026-10-08,2026-10-15,12.0,6
T1018,PRIMARY,2026-10-01,2026-10-08,2026-10-15,13.0,6
T1019,PRIMARY,2026-10-01,2026-10-08,2026-10-15,14.0,6
T1020,PRIMARY,2026-10-01,2026-10-08,2026-10-15,15.0,6
T1021,PRIMARY,2026-10-01,2026-10-08,2026-10-15,16.0,6
T1022,PRIMARY,2026-10-01,2026-10-08,2026-10-15,17.0,6
T1023,PRIMARY,2026-10-01,2026-10-08,2026-10-15,18.0,6
T1024,PRIMARY,2026-10-01,2026-10-08,2026-10-15,19.0,6
T1025,PRIMARY,2026-10-01,2026-10-08,2026-10-15,20.0,6
T1026,PRIMARY,2026-10-01,2026-10-08,2026-10-15,21.0,6
T1027,PRIMARY,2026-10-01,2026-10-08,2026-10-15,22.0,6
T1028,PRIMARY,2026-10-01,2026-10-08,2026-10-15,23.0,6
T1029,PRIMARY,2026-10-01,2026-10-08,2026-10-15,24.0,6
T1030,PRIMARY,2026-10-01,2026-10-08,2026-10-15,25.0,6
T1031,PRIMARY,2026-10-01,2026-10-08,2026-10-15,26.0,6
T1032,PRIMARY,2026-10-01,2026-10-08,2026-10-15,27.0,6
T1033,PRIMARY,2026-10-01,2026-10-08,2026-10-15,28.0,6
T1034,PRIMARY,2026-10-01,2026-10-08,2026-10-15,29.0,6
T1035,PRIMARY,2026-10-01,2026-10-08,2026-10-15,30.0,6
T1036,PRIMARY,2026-10-01,2026-10-08,2026-10-15,31.0,6
T1037,PRIMARY,2026-10-01,2026-10-08,2026-10-15,32.0,6
T1038,PRIMARY,2026-10-01,2026-10-08,2026-10-15,33.0,6
T1039,PRIMARY,2026-10-01,2026-10-08,2026-10-15,34.0,6
T1040,PRIMARY,2026-10-01,2026-10-08,2026-10-15,35.0,6
T1041,PRIMARY,2026-10-01,2026-10-08,2026-10-15,36.0,6
T1042,PRIMARY,2026-10-01,2026-10-08,2026-10-15,37.0,6
T1043,PRIMARY,2026-10-01,2026-10-08,2026-10-15,38.0,6
T1044,PRIMARY,2026-10-01,2026-10-08,2026-10-15,39.0,6
T1045,PRIMARY,2026-10-01,2026-10-08,2026-10-15,40.0,6
T1046,PRIMARY,2026-10-02,2026-10-09,2026-10-16,1.0,7
T1047,PRIMARY,2026-10-02,2026-10-09,2026-10-16,2.0,7
T1048,PRIMARY,2026-10-02,2026-10-09,2026-10-16,3.0,7
T1049,PRIMARY,2026-10-02,2026-10-09,2026-10-16,4.0,7
T1050,PRIMARY,2026-10-02,2026-10-09,2026-10-16,5.0,7
T1051,PRIMARY,2026-10-02,2026-10-09,2026-10-16,6.0,7
T1052,PRIMARY,2026-10-02,2026-10-09,2026-10-16,7.0,7
T1053,PRIMARY,2026-10-02,2026-10-09,2026-10-16,8.0,7
T1054,PRIMARY,2026-10-02,2026-10-09,2026-10-16,9.0,7
T1055,PRIMARY,2026-10-02,2026-10-09,2026-10-16,10.0,7
T1056,PRIMARY,2026-10-02,2026-10-09,2026-10-16,11.0,7
T1057,PRIMARY,2026-10-02,2026-10-09,2026-10-16,12.0,7
T1058,PRIMARY,2026-10-02,2026-10-09,2026-10-16,13.0,7
T1059,PRIMARY,2026-10-02,2026-10-09,2026-10-16,14.0,7
T1060,PRIMARY,2026-10-02,2026-10-09,2026-10-16,15.0,7
T1061,PRIMARY,2026-10-02,2026-10-09,2026-10-16,16.0,7
T1062,PRIMARY,2026-10-02,2026-10-09,2026-10-16,17.0,7
T1063,PRIMARY,2026-10-02,2026-10-09,2026-10-16,18.0,7
T1064,PRIMARY,2026-10-02,2026-10-09,2026-10-16,19.0,7
T1065,PRIMARY,2026-10-02,2026-10-09,2026-10-16,20.0,7
T1066,PRIMARY,2026-10-02,2026-10-09,2026-10-16,21.0,7
T1067,PRIMARY,2026-10-02,2026-10-09,2026-10-16,22.0,7
T1068,PRIMARY,2026-10-02,2026-10-09,2026-10-16,23.0,7
T1069,PRIMARY,2026-10-02,2026-10-09,2026-10-16,24.0,7
T1070,PRIMARY,2026-10-02,2026-10-09,2026-10-16,25.0,7
T1071,PRIMARY,2026-10-02,2026-10-09,2026-10-16,26.0,7
T1072,PRIMARY,2026-10-02,2026-10-09,2026-10-16,27.0,7
T1073,PRIMARY,2026-10-02,2026-10-09,2026-10-16,28.0,7
T1074,PRIMARY,2026-10-02,2026-10-09,2026-10-16,29.0,7
T1075,PRIMARY,2026-10-02,2026-10-09,2026-10-16,30.0,7
T1076,PRIMARY,2026-10-02,2026-10-09,2026-10-16,31.0,7
T1077,PRIMARY,2026-10-02,2026-10-09,2026-10-16,32.0,7
T1078,PRIMARY,2026-10-02,2026-10-09,2026-10-16,33.0,7
T1079,PRIMARY,2026-10-02,2026-10-09,2026-10-16,34.0,7
T1080,PRIMARY,2026-10-02,2026-10-09,2026-10-16,35.0,7
T1081,PRIMARY,2026-10-02,2026-10-09,2026-10-16,36.0,7
T1082,PRIMARY,2026-10-02,2026-10-09,2026-10-16,37.0,7
T1083,PRIMARY,2026-10-02,2026-10-09,2026-10-16,38.0,7
T1084,PRIMARY,2026-10-02,2026-10-09,2026-10-16,39.0,7
T1085,PRIMARY,2026-10-02,2026-10-09,2026-10-16,40.0,7
T1086,PRIMARY,2026-10-05,2026-10-12,2026-10-19,1.0,7
T1087,PRIMARY,2026-10-05,2026-10-12,2026-10-19,2.0,7
T1088,PRIMARY,2026-10-05,2026-10-12,2026-10-19,3.0,7
T1089,PRIMARY,2026-10-05,2026-10-12,2026-10-19,4.0,7
T1090,PRIMARY,2026-10-05,2026-10-12,2026-10-19,5.0,7
T1091,PRIMARY,2026-10-05,2026-10-12,2026-10-19,6.0,7
T1092,PRIMARY,2026-10-05,2026-10-12,2026-10-19,7.0,7
T1093,PRIMARY,2026-10-05,2026-10-12,2026-10-19,8.0,7
T1094,PRIMARY,2026-10-05,2026-10-12,2026-10-19,9.0,7
T1095,PRIMARY,2026-10-05,2026-10-12,2026-10-19,10.0,7
T1096,PRIMARY,2026-10-05,2026-10-12,2026-10-19,11.0,7
T1097,PRIMARY,2026-10-05,2026-10-12,2026-10-19,12.0,7
T1098,PRIMARY,2026-10-05,2026-10-12,2026-10-19,13.0,7
T1099,PRIMARY,2026-10-05,2026-10-12,2026-10-19,14.0,7
T1100,PRIMARY,2026-10-05,2026-10-12,2026-10-19,15.0,7
T1101,PRIMARY,2026-10-05,2026-10-12,2026-10-19,16.0,7
T1102,PRIMARY,2026-10-05,2026-10-12,2026-10-19,17.0,7
T1103,PRIMARY,2026-10-05,2026-10-12,2026-10-19,18.0,7
T1104,PRIMARY,2026-10-05,2026-10-12,2026-10-19,19.0,7
T1105,PRIMARY,2026-10-05,2026-10-12,2026-10-19,20.0,7
T1106,PRIMARY,2026-10-05,2026-10-12,2026-10-19,21.0,7
T1107,PRIMARY,2026-10-05,2026-10-12,2026-10-19,22.0,7
T1108,PRIMARY,2026-10-05,2026-10-12,2026-10-19,23.0,7
T1109,PRIMARY,2026-10-05,2026-10-12,2026-10-19,24.0,7
T1110,PRIMARY,2026-10-05,2026-10-12,2026-10-19,25.0,7
T1111,PRIMARY,2026-10-05,2026-10-12,2026-10-19,26.0,7
T1112,PRIMARY,2026-10-05,2026-10-12,2026-10-19,27.0,7
T1113,PRIMARY,2026-10-05,2026-10-12,2026-10-19,28.0,7
T1114,PRIMARY,2026-10-05,2026-10-12,2026-10-19,29.0,7
T1115,PRIMARY,2026-10-05,2026-10-12,2026-10-19,30.0,7
T1116,PRIMARY,2026-10-05,2026-10-12,2026-10-19,31.0,7
T1117,PRIMARY,2026-10-05,2026-10-12,2026-10-19,32.0,7
T1118,PRIMARY,2026-10-05,2026-10-12,2026-10-19,33.0,7
T1119,PRIMARY,2026-10-05,2026-10-12,2026-10-19,34.0,7
T1120,PRIMARY,2026-10-05,2026-10-12,2026-10-19,35.0,7
T1121,PRIMARY,2026-10-05,2026-10-12,2026-10-19,36.0,7
T1122,PRIMARY,2026-10-05,2026-10-12,2026-10-19,37.0,7
T1123,PRIMARY,2026-10-05,2026-10-12,2026-10-19,38.0,7
T1124,PRIMARY,2026-10-05,2026-10-12,2026-10-19,39.0,7
T1125,PRIMARY,2026-10-05,2026-10-12,2026-10-19,40.0,7
T1126,PRIMARY,2026-10-06,2026-10-13,2026-10-20,1.0,7
T1127,PRIMARY,2026-10-06,2026-10-13,2026-10-20,2.0,7
T1128,PRIMARY,2026-10-06,2026-10-13,2026-10-20,3.0,7
T1129,PRIMARY,2026-10-06,2026-10-13,2026-10-20,4.0,7
T1130,PRIMARY,2026-10-06,2026-10-13,2026-10-20,5.0,7
T1131,PRIMARY,2026-10-06,2026-10-13,2026-10-20,6.0,7
T1132,PRIMARY,2026-10-06,2026-10-13,2026-10-20,7.0,7
T1133,PRIMARY,2026-10-06,2026-10-13,2026-10-20,8.0,7
T1134,PRIMARY,2026-10-06,2026-10-13,2026-10-20,9.0,7
T1135,PRIMARY,2026-10-06,2026-10-13,2026-10-20,10.0,7
T1136,PRIMARY,2026-10-06,2026-10-13,2026-10-20,11.0,7
T1137,PRIMARY,2026-10-06,2026-10-13,2026-10-20,12.0,7
T1138,PRIMARY,2026-10-06,2026-10-13,2026-10-20,13.0,7
T1139,PRIMARY,2026-10-06,2026-10-13,2026-10-20,14.0,7
T1140,PRIMARY,2026-10-06,2026-10-13,2026-10-20,15.0,7
T1141,PRIMARY,2026-10-06,2026-10-13,2026-10-20,16.0,7
T1142,PRIMARY,2026-10-06,2026-10-13,2026-10-20,17.0,7
T1143,PRIMARY,2026-10-06,2026-10-13,2026-10-20,18.0,7
T1144,PRIMARY,2026-10-06,2026-10-13,2026-10-20,19.0,7
T1145,PRIMARY,2026-10-06,2026-10-13,2026-10-20,20.0,7
T1146,PRIMARY,2026-10-06,2026-10-13,2026-10-20,21.0,7
T1147,PRIMARY,2026-10-06,2026-10-13,2026-10-20,22.0,7
T1148,PRIMARY,2026-10-06,2026-10-13,2026-10-20,23.0,7
T1149,PRIMARY,2026-10-06,2026-10-13,2026-10-20,24.0,7
T1150,PRIMARY,2026-10-06,2026-10-13,2026-10-20,25.0,7
T1151,PRIMARY,2026-10-06,2026-10-13,2026-10-20,26.0,7
T1152,PRIMARY,2026-10-06,2026-10-13,2026-10-20,27.0,7
T1153,PRIMARY,2026-10-06,2026-10-13,2026-10-20,28.0,7
T1154,PRIMARY,2026-10-06,2026-10-13,2026-10-20,29.0,7
T1155,PRIMARY,2026-10-06,2026-10-13,2026-10-20,30.0,7
T1156,PRIMARY,2026-10-06,2026-10-13,2026-10-20,31.0,7
T1157,PRIMARY,2026-10-06,2026-10-13,2026-10-20,32.0,7
T1158,PRIMARY,2026-10-06,2026-10-13,2026-10-20,33.0,7
T1159,PRIMARY,2026-10-06,2026-10-13,2026-10-20,34.0,7
T1160,PRIMARY,2026-10-06,2026-10-13,2026-10-20,35.0,7
T1161,PRIMARY,2026-10-06,2026-10-13,2026-10-20,36.0,7
T1162,PRIMARY,2026-10-06,2026-10-13,2026-10-20,37.0,7
T1163,PRIMARY,2026-10-06,2026-10-13,2026-10-20,38.0,7
T1164,PRIMARY,2026-10-06,2026-10-13,2026-10-20,39.0,7
T1165,PRIMARY,2026-10-06,2026-10-13,2026-10-20,40.0,7
T1166,PRIMARY,2026-10-07,2026-10-14,2026-10-21,1.0,7
T1167,PRIMARY,2026-10-07,2026-10-14,2026-10-21,2.0,7
T1168,PRIMARY,2026-10-07,2026-10-14,2026-10-21,3.0,7
T1169,PRIMARY,2026-10-07,2026-10-14,2026-10-21,4.0,7
T1170,PRIMARY,2026-10-07,2026-10-14,2026-10-21,5.0,7
T1171,PRIMARY,2026-10-07,2026-10-14,2026-10-21,6.0,7
T1172,PRIMARY,2026-10-07,2026-10-14,2026-10-21,7.0,7
T1173,PRIMARY,2026-10-07,2026-10-14,2026-10-21,8.0,7
T1174,PRIMARY,2026-10-07,2026-10-14,2026-10-21,9.0,7
T1175,PRIMARY,2026-10-07,2026-10-14,2026-10-21,10.0,7
T1176,PRIMARY,2026-10-07,2026-10-14,2026-10-21,11.0,7
T1177,PRIMARY,2026-10-07,2026-10-14,2026-10-21,12.0,7
T1178,PRIMARY,2026-10-07,2026-10-14,2026-10-21,13.0,7
T1179,PRIMARY,2026-10-07,2026-10-14,2026-10-21,14.0,7
T1180,PRIMARY,2026-10-07,2026-10-14,2026-10-21,15.0,7
T1181,PRIMARY,2026-10-07,2026-10-14,2026-10-21,16.0,7
T1182,PRIMARY,2026-10-07,2026-10-14,2026-10-21,17.0,7
T1183,PRIMARY,2026-10-07,2026-10-14,2026-10-21,18.0,7
T1184,PRIMARY,2026-10-07,2026-10-14,2026-10-21,19.0,7
T1185,PRIMARY,2026-10-07,2026-10-14,2026-10-21,20.0,7
T1186,PRIMARY,2026-10-07,2026-10-14,2026-10-21,21.0,7
T1187,PRIMARY,2026-10-07,2026-10-14,2026-10-21,22.0,7
T1188,PRIMARY,2026-10-07,2026-10-14,2026-10-21,23.0,7
T1189,PRIMARY,2026-10-07,2026-10-14,2026-10-21,24.0,7
T1190,PRIMARY,2026-10-07,2026-10-14,2026-10-21,25.0,7
T1191,PRIMARY,2026-10-07,2026-10-14,2026-10-21,26.0,7
T1192,PRIMARY,2026-10-07,2026-10-14,2026-10-21,27.0,7
T1193,PRIMARY,2026-10-07,2026-10-14,2026-10-21,28.0,7
T1194,PRIMARY,2026-10-07,2026-10-14,2026-10-21,29.0,7
T1195,PRIMARY,2026-10-07,2026-10-14,2026-10-21,30.0,7
T1196,PRIMARY,2026-10-07,2026-10-14,2026-10-21,31.0,7
T1197,PRIMARY,2026-10-07,2026-10-14,2026-10-21,32.0,7
T1198,PRIMARY,2026-10-07,2026-10-14,2026-10-21,33.0,7
T1199,PRIMARY,2026-10-07,2026-10-14,2026-10-21,34.0,7
T1200,PRIMARY,2026-10-07,2026-10-14,2026-10-21,35.0,7
T1201,PRIMARY,2026-10-07,2026-10-14,2026-10-21,36.0,7
T1202,PRIMARY,2026-10-07,2026-10-14,2026-10-21,37.0,7
T1203,PRIMARY,2026-10-07,2026-10-14,2026-10-21,38.0,7
T1204,PRIMARY,2026-10-07,2026-10-14,2026-10-21,39.0,7
T1205,PRIMARY,2026-10-07,2026-10-14,2026-10-21,40.0,7
T1206,PRIMARY,2026-10-08,2026-10-15,2026-10-22,1.0,7
T1207,PRIMARY,2026-10-08,2026-10-15,2026-10-22,2.0,7
T1208,PRIMARY,2026-10-08,2026-10-15,2026-10-22,3.0,7
T1209,PRIMARY,2026-10-08,2026-10-15,2026-10-22,4.0,7
T1210,PRIMARY,2026-10-08,2026-10-15,2026-10-22,5.0,7
T1211,PRIMARY,2026-10-08,2026-10-15,2026-10-22,6.0,7
T1212,PRIMARY,2026-10-08,2026-10-15,2026-10-22,7.0,7
T1213,PRIMARY,2026-10-08,2026-10-15,2026-10-22,8.0,7
T1214,PRIMARY,2026-10-08,2026-10-15,2026-10-22,9.0,7
T1215,PRIMARY,2026-10-08,2026-10-15,2026-10-22,10.0,7
T1216,PRIMARY,2026-10-08,2026-10-15,2026-10-22,11.0,7
T1217,PRIMARY,2026-10-08,2026-10-15,2026-10-22,12.0,7
T1218,PRIMARY,2026-10-08,2026-10-15,2026-10-22,13.0,7
T1219,PRIMARY,2026-10-08,2026-10-15,2026-10-22,14.0,7
T1220,PRIMARY,2026-10-08,2026-10-15,2026-10-22,15.0,7
T1221,PRIMARY,2026-10-08,2026-10-15,2026-10-22,16.0,7
T1222,PRIMARY,2026-10-08,2026-10-15,2026-10-22,17.0,7
T1223,PRIMARY,2026-10-08,2026-10-15,2026-10-22,18.0,7
T1224,PRIMARY,2026-10-08,2026-10-15,2026-10-22,19.0,7
T1225,PRIMARY,2026-10-08,2026-10-15,2026-10-22,20.0,7
T1226,PRIMARY,2026-10-08,2026-10-15,2026-10-22,21.0,7
T1227,PRIMARY,2026-10-08,2026-10-15,2026-10-22,22.0,7
T1228,PRIMARY,2026-10-08,2026-10-15,2026-10-22,23.0,7
T1229,PRIMARY,2026-10-08,2026-10-15,2026-10-22,24.0,7
T1230,PRIMARY,2026-10-08,2026-10-15,2026-10-22,25.0,7
T1231,PRIMARY,2026-10-08,2026-10-15,2026-10-22,26.0,7
T1232,PRIMARY,2026-10-08,2026-10-15,2026-10-22,27.0,7
T1233,PRIMARY,2026-10-08,2026-10-15,2026-10-22,28.0,7
T1234,PRIMARY,2026-10-08,2026-10-15,2026-10-22,29.0,7
T1235,PRIMARY,2026-10-08,2026-10-15,2026-10-22,30.0,7
T1236,PRIMARY,2026-10-08,2026-10-15,2026-10-22,31.0,7
T1237,PRIMARY,2026-10-08,2026-10-15,2026-10-22,32.0,7
T1238,PRIMARY,2026-10-08,2026-10-15,2026-10-22,33.0,7
T1239,PRIMARY,2026-10-08,2026-10-15,2026-10-22,34.0,7
T1240,PRIMARY,2026-10-08,2026-10-15,2026-10-22,35.0,7
T1241,PRIMARY,2026-10-08,2026-10-15,2026-10-22,36.0,7
T1242,PRIMARY,2026-10-08,2026-10-15,2026-10-22,37.0,7
T1243,PRIMARY,2026-10-08,2026-10-15,2026-10-22,38.0,7
T1244,PRIMARY,2026-10-08,2026-10-15,2026-10-22,39.0,7
T1245,PRIMARY,2026-10-08,2026-10-15,2026-10-22,40.0,7
T1246,PRIMARY,2026-10-09,2026-10-16,2026-10-23,1.0,8
T1247,PRIMARY,2026-10-09,2026-10-16,2026-10-23,2.0,8
T1248,PRIMARY,2026-10-09,2026-10-16,2026-10-23,3.0,8
T1249,PRIMARY,2026-10-09,2026-10-16,2026-10-23,4.0,8
T1250,PRIMARY,2026-10-09,2026-10-16,2026-10-23,5.0,8
T1251,PRIMARY,2026-10-09,2026-10-16,2026-10-23,6.0,8
T1252,PRIMARY,2026-10-09,2026-10-16,2026-10-23,7.0,8
T1253,PRIMARY,2026-10-09,2026-10-16,2026-10-23,8.0,8
T1254,PRIMARY,2026-10-09,2026-10-16,2026-10-23,9.0,8
T1255,PRIMARY,2026-10-09,2026-10-16,2026-10-23,10.0,8
T1256,PRIMARY,2026-10-09,2026-10-16,2026-10-23,11.0,8
T1257,PRIMARY,2026-10-09,2026-10-16,2026-10-23,12.0,8
T1258,PRIMARY,2026-10-09,2026-10-16,2026-10-23,13.0,8
T1259,PRIMARY,2026-10-09,2026-10-16,2026-10-23,14.0,8
T1260,PRIMARY,2026-10-09,2026-10-16,2026-10-23,15.0,8
T1261,PRIMARY,2026-10-09,2026-10-16,2026-10-23,16.0,8
T1262,PRIMARY,2026-10-09,2026-10-16,2026-10-23,17.0,8
T1263,PRIMARY,2026-10-09,2026-10-16,2026-10-23,18.0,8
T1264,PRIMARY,2026-10-09,2026-10-16,2026-10-23,19.0,8
T1265,PRIMARY,2026-10-09,2026-10-16,2026-10-23,20.0,8
T1266,PRIMARY,2026-10-09,2026-10-16,2026-10-23,21.0,8
T1267,PRIMARY,2026-10-09,2026-10-16,2026-10-23,22.0,8
T1268,PRIMARY,2026-10-09,2026-10-16,2026-10-23,23.0,8
T1269,PRIMARY,2026-10-09,2026-10-16,2026-10-23,24.0,8
T1270,PRIMARY,2026-10-09,2026-10-16,2026-10-23,25.0,8
T1271,PRIMARY,2026-10-09,2026-10-16,2026-10-23,26.0,8
T1272,PRIMARY,2026-10-09,2026-10-16,2026-10-23,27.0,8
T1273,PRIMARY,2026-10-09,2026-10-16,2026-10-23,28.0,8
T1274,PRIMARY,2026-10-09,2026-10-16,2026-10-23,29.0,8
T1275,PRIMARY,2026-10-09,2026-10-16,2026-10-23,30.0,8
T1276,PRIMARY,2026-10-09,2026-10-16,2026-10-23,31.0,8
T1277,PRIMARY,2026-10-09,2026-10-16,2026-10-23,32.0,8
T1278,PRIMARY,2026-10-09,2026-10-16,2026-10-23,33.0,8
T1279,PRIMARY,2026-10-09,2026-10-16,2026-10-23,34.0,8
T1280,PRIMARY,2026-10-09,2026-10-16,2026-10-23,35.0,8
T1281,PRIMARY,2026-10-09,2026-10-16,2026-10-23,36.0,8
T1282,PRIMARY,2026-10-09,2026-10-16,2026-10-23,37.0,8
T1283,PRIMARY,2026-10-09,2026-10-16,2026-10-23,38.0,8
T1284,PRIMARY,2026-10-09,2026-10-16,2026-10-23,39.0,8
T1285,PRIMARY,2026-10-09,2026-10-16,2026-10-23,40.0,8
T1286,PRIMARY,2026-10-12,2026-10-19,2026-10-26,1.0,8
T1287,PRIMARY,2026-10-12,2026-10-19,2026-10-26,2.0,8
T1288,PRIMARY,2026-10-12,2026-10-19,2026-10-26,3.0,8
T1289,PRIMARY,2026-10-12,2026-10-19,2026-10-26,4.0,8
T1290,PRIMARY,2026-10-12,2026-10-19,2026-10-26,5.0,8
T1291,PRIMARY,2026-10-12,2026-10-19,2026-10-26,6.0,8
T1292,PRIMARY,2026-10-12,2026-10-19,2026-10-26,7.0,8
T1293,PRIMARY,2026-10-12,2026-10-19,2026-10-26,8.0,8
T1294,PRIMARY,2026-10-12,2026-10-19,2026-10-26,9.0,8
T1295,PRIMARY,2026-10-12,2026-10-19,2026-10-26,10.0,8
T1296,PRIMARY,2026-10-12,2026-10-19,2026-10-26,11.0,8
T1297,PRIMARY,2026-10-12,2026-10-19,2026-10-26,12.0,8
T1298,PRIMARY,2026-10-12,2026-10-19,2026-10-26,13.0,8
T1299,PRIMARY,2026-10-12,2026-10-19,2026-10-26,14.0,8
T1300,PRIMARY,2026-10-12,2026-10-19,2026-10-26,15.0,8
T1301,PRIMARY,2026-10-12,2026-10-19,2026-10-26,16.0,8
T1302,PRIMARY,2026-10-12,2026-10-19,2026-10-26,17.0,8
T1303,PRIMARY,2026-10-12,2026-10-19,2026-10-26,18.0,8
T1304,PRIMARY,2026-10-12,2026-10-19,2026-10-26,19.0,8
T1305,PRIMARY,2026-10-12,2026-10-19,2026-10-26,20.0,8
T1306,PRIMARY,2026-10-12,2026-10-19,2026-10-26,21.0,8
T1307,PRIMARY,2026-10-12,2026-10-19,2026-10-26,22.0,8
T1308,PRIMARY,2026-10-12,2026-10-19,2026-10-26,23.0,8
T1309,PRIMARY,2026-10-12,2026-10-19,2026-10-26,24.0,8
T1310,PRIMARY,2026-10-12,2026-10-19,2026-10-26,25.0,8
T1311,PRIMARY,2026-10-12,2026-10-19,2026-10-26,26.0,8
T1312,PRIMARY,2026-10-12,2026-10-19,2026-10-26,27.0,8
T1313,PRIMARY,2026-10-12,2026-10-19,2026-10-26,28.0,8
T1314,PRIMARY,2026-10-12,2026-10-19,2026-10-26,29.0,8
T1315,PRIMARY,2026-10-12,2026-10-19,2026-10-26,30.0,8
T1316,PRIMARY,2026-10-12,2026-10-19,2026-10-26,31.0,8
T1317,PRIMARY,2026-10-12,2026-10-19,2026-10-26,32.0,8
T1318,PRIMARY,2026-10-12,2026-10-19,2026-10-26,33.0,8
T1319,PRIMARY,2026-10-12,2026-10-19,2026-10-26,34.0,8
T1320,PRIMARY,2026-10-12,2026-10-19,2026-10-26,35.0,8
T1321,PRIMARY,2026-10-12,2026-10-19,2026-10-26,36.0,8
T1322,PRIMARY,2026-10-12,2026-10-19,2026-10-26,37.0,8
T1323,PRIMARY,2026-10-12,2026-10-19,2026-10-26,38.0,8
T1324,PRIMARY,2026-10-12,2026-10-19,2026-10-26,39.0,8
T1325,PRIMARY,2026-10-12,2026-10-19,2026-10-26,40.0,8
T1326,PRIMARY,2026-10-13,2026-10-20,2026-10-27,1.0,8
T1327,PRIMARY,2026-10-13,2026-10-20,2026-10-27,2.0,8
T1328,PRIMARY,2026-10-13,2026-10-20,2026-10-27,3.0,8
T1329,PRIMARY,2026-10-13,2026-10-20,2026-10-27,4.0,8
T1330,PRIMARY,2026-10-13,2026-10-20,2026-10-27,5.0,8
T1331,PRIMARY,2026-10-13,2026-10-20,2026-10-27,6.0,8
T1332,PRIMARY,2026-10-13,2026-10-20,2026-10-27,7.0,8
T1333,PRIMARY,2026-10-13,2026-10-20,2026-10-27,8.0,8
T1334,PRIMARY,2026-10-13,2026-10-20,2026-10-27,9.0,8
T1335,PRIMARY,2026-10-13,2026-10-20,2026-10-27,10.0,8
T1336,PRIMARY,2026-10-13,2026-10-20,2026-10-27,11.0,8
T1337,PRIMARY,2026-10-13,2026-10-20,2026-10-27,12.0,8
T1338,PRIMARY,2026-10-13,2026-10-20,2026-10-27,13.0,8
T1339,PRIMARY,2026-10-13,2026-10-20,2026-10-27,14.0,8
T1340,PRIMARY,2026-10-13,2026-10-20,2026-10-27,15.0,8
T1341,PRIMARY,2026-10-13,2026-10-20,2026-10-27,16.0,8
T1342,PRIMARY,2026-10-13,2026-10-20,2026-10-27,17.0,8
T1343,PRIMARY,2026-10-13,2026-10-20,2026-10-27,18.0,8
T1344,PRIMARY,2026-10-13,2026-10-20,2026-10-27,19.0,8
T1345,PRIMARY,2026-10-13,2026-10-20,2026-10-27,20.0,8
T1346,PRIMARY,2026-10-13,2026-10-20,2026-10-27,21.0,8
T1347,PRIMARY,2026-10-13,2026-10-20,2026-10-27,22.0,8
T1348,PRIMARY,2026-10-13,2026-10-20,2026-10-27,23.0,8
T1349,PRIMARY,2026-10-13,2026-10-20,2026-10-27,24.0,8
T1350,PRIMARY,2026-10-13,2026-10-20,2026-10-27,25.0,8
T1351,PRIMARY,2026-10-13,2026-10-20,2026-10-27,26.0,8
T1352,PRIMARY,2026-10-13,2026-10-20,2026-10-27,27.0,8
T1353,PRIMARY,2026-10-13,2026-10-20,2026-10-27,28.0,8
T1354,PRIMARY,2026-10-13,2026-10-20,2026-10-27,29.0,8
T1355,PRIMARY,2026-10-13,2026-10-20,2026-10-27,30.0,8
T1356,PRIMARY,2026-10-13,2026-10-20,2026-10-27,31.0,8
T1357,PRIMARY,2026-10-13,2026-10-20,2026-10-27,32.0,8
T1358,PRIMARY,2026-10-13,2026-10-20,2026-10-27,33.0,8
T1359,PRIMARY,2026-10-13,2026-10-20,2026-10-27,34.0,8
T1360,PRIMARY,2026-10-13,2026-10-20,2026-10-27,35.0,8
T1361,PRIMARY,2026-10-13,2026-10-20,2026-10-27,36.0,8
T1362,PRIMARY,2026-10-13,2026-10-20,2026-10-27,37.0,8
T1363,PRIMARY,2026-10-13,2026-10-20,2026-10-27,38.0,8
T1364,PRIMARY,2026-10-13,2026-10-20,2026-10-27,39.0,8
T1365,PRIMARY,2026-10-13,2026-10-20,2026-10-27,40.0,8
T1366,PRIMARY,2026-10-14,2026-10-21,2026-10-28,1.0,8
T1367,PRIMARY,2026-10-14,2026-10-21,2026-10-28,2.0,8
T1368,PRIMARY,2026-10-14,2026-10-21,2026-10-28,3.0,8
T1369,PRIMARY,2026-10-14,2026-10-21,2026-10-28,4.0,8
T1370,PRIMARY,2026-10-14,2026-10-21,2026-10-28,5.0,8
T1371,PRIMARY,2026-10-14,2026-10-21,2026-10-28,6.0,8
T1372,PRIMARY,2026-10-14,2026-10-21,2026-10-28,7.0,8
T1373,PRIMARY,2026-10-14,2026-10-21,2026-10-28,8.0,8
T1374,PRIMARY,2026-10-14,2026-10-21,2026-10-28,9.0,8
T1375,PRIMARY,2026-10-14,2026-10-21,2026-10-28,10.0,8
T1376,PRIMARY,2026-10-14,2026-10-21,2026-10-28,11.0,8
T1377,PRIMARY,2026-10-14,2026-10-21,2026-10-28,12.0,8
T1378,PRIMARY,2026-10-14,2026-10-21,2026-10-28,13.0,8
T1379,PRIMARY,2026-10-14,2026-10-21,2026-10-28,14.0,8
T1380,PRIMARY,2026-10-14,2026-10-21,2026-10-28,15.0,8
T1381,PRIMARY,2026-10-14,2026-10-21,2026-10-28,16.0,8
T1382,PRIMARY,2026-10-14,2026-10-21,2026-10-28,17.0,8
T1383,PRIMARY,2026-10-14,2026-10-21,2026-10-28,18.0,8
T1384,PRIMARY,2026-10-14,2026-10-21,2026-10-28,19.0,8
T1385,PRIMARY,2026-10-14,2026-10-21,2026-10-28,20.0,8
T1386,PRIMARY,2026-10-14,2026-10-21,2026-10-28,21.0,8
T1387,PRIMARY,2026-10-14,2026-10-21,2026-10-28,22.0,8
T1388,PRIMARY,2026-10-14,2026-10-21,2026-10-28,23.0,8
T1389,PRIMARY,2026-10-14,2026-10-21,2026-10-28,24.0,8
T1390,PRIMARY,2026-10-14,2026-10-21,2026-10-28,25.0,8
T1391,PRIMARY,2026-10-14,2026-10-21,2026-10-28,26.0,8
T1392,PRIMARY,2026-10-14,2026-10-21,2026-10-28,27.0,8
T1393,PRIMARY,2026-10-14,2026-10-21,2026-10-28,28.0,8
T1394,PRIMARY,2026-10-14,2026-10-21,2026-10-28,29.0,8
T1395,PRIMARY,2026-10-14,2026-10-21,2026-10-28,30.0,8
T1396,PRIMARY,2026-10-14,2026-10-21,2026-10-28,31.0,8
T1397,PRIMARY,2026-10-14,2026-10-21,2026-10-28,32.0,8
T1398,PRIMARY,2026-10-14,2026-10-21,2026-10-28,33.0,8
T1399,PRIMARY,2026-10-14,2026-10-21,2026-10-28,34.0,8
T1400,PRIMARY,2026-10-14,2026-10-21,2026-10-28,35.0,8
T1401,PRIMARY,2026-10-14,2026-10-21,2026-10-28,36.0,8
T1402,PRIMARY,2026-10-14,2026-10-21,2026-10-28,37.0,8
T1403,PRIMARY,2026-10-14,2026-10-21,2026-10-28,38.0,8
T1404,PRIMARY,2026-10-14,2026-10-21,2026-10-28,39.0,8
T1405,PRIMARY,2026-10-14,2026-10-21,2026-10-28,40.0,8
T1406,PRIMARY,2026-10-15,2026-10-22,2026-10-29,1.0,8
T1407,PRIMARY,2026-10-15,2026-10-22,2026-10-29,2.0,8
T1408,PRIMARY,2026-10-15,2026-10-22,2026-10-29,3.0,8
T1409,PRIMARY,2026-10-15,2026-10-22,2026-10-29,4.0,8
T1410,PRIMARY,2026-10-15,2026-10-22,2026-10-29,5.0,8
T1411,PRIMARY,2026-10-15,2026-10-22,2026-10-29,6.0,8
T1412,PRIMARY,2026-10-15,2026-10-22,2026-10-29,7.0,8
T1413,PRIMARY,2026-10-15,2026-10-22,2026-10-29,8.0,8
T1414,PRIMARY,2026-10-15,2026-10-22,2026-10-29,9.0,8
T1415,PRIMARY,2026-10-15,2026-10-22,2026-10-29,10.0,8
T1416,PRIMARY,2026-10-15,2026-10-22,2026-10-29,11.0,8
T1417,PRIMARY,2026-10-15,2026-10-22,2026-10-29,12.0,8
T1418,PRIMARY,2026-10-15,2026-10-22,2026-10-29,13.0,8
T1419,PRIMARY,2026-10-15,2026-10-22,2026-10-29,14.0,8
T1420,PRIMARY,2026-10-15,2026-10-22,2026-10-29,15.0,8
T1421,PRIMARY,2026-10-15,2026-10-22,2026-10-29,16.0,8
T1422,PRIMARY,2026-10-15,2026-10-22,2026-10-29,17.0,8
T1423,PRIMARY,2026-10-15,2026-10-22,2026-10-29,18.0,8
T1424,PRIMARY,2026-10-15,2026-10-22,2026-10-29,19.0,8
T1425,PRIMARY,2026-10-15,2026-10-22,2026-10-29,20.0,8
T1426,PRIMARY,2026-10-15,2026-10-22,2026-10-29,21.0,8
T1427,PRIMARY,2026-10-15,2026-10-22,2026-10-29,22.0,8
T1428,PRIMARY,2026-10-15,2026-10-22,2026-10-29,23.0,8
T1429,PRIMARY,2026-10-15,2026-10-22,2026-10-29,24.0,8
T1430,PRIMARY,2026-10-15,2026-10-22,2026-10-29,25.0,8
T1431,PRIMARY,2026-10-15,2026-10-22,2026-10-29,26.0,8
T1432,PRIMARY,2026-10-15,2026-10-22,2026-10-29,27.0,8
T1433,PRIMARY,2026-10-15,2026-10-22,2026-10-29,28.0,8
T1434,PRIMARY,2026-10-15,2026-10-22,2026-10-29,29.0,8
T1435,PRIMARY,2026-10-15,2026-10-22,2026-10-29,30.0,8
T1436,PRIMARY,2026-10-15,2026-10-22,2026-10-29,31.0,8
T1437,PRIMARY,2026-10-15,2026-10-22,2026-10-29,32.0,8
T1438,PRIMARY,2026-10-15,2026-10-22,2026-10-29,33.0,8
T1439,PRIMARY,2026-10-15,2026-10-22,2026-10-29,34.0,8
T1440,PRIMARY,2026-10-15,2026-10-22,2026-10-29,35.0,8
T1441,PRIMARY,2026-10-15,2026-10-22,2026-10-29,36.0,8
T1442,PRIMARY,2026-10-15,2026-10-22,2026-10-29,37.0,8
T1443,PRIMARY,2026-10-15,2026-10-22,2026-10-29,38.0,8
T1444,PRIMARY,2026-10-15,2026-10-22,2026-10-29,39.0,8
T1445,PRIMARY,2026-10-15,2026-10-22,2026-10-29,40.0,8
T1446,PRIMARY,2026-10-16,2026-10-23,2026-10-30,1.0,9
T1447,PRIMARY,2026-10-16,2026-10-23,2026-10-30,2.0,9
T1448,PRIMARY,2026-10-16,2026-10-23,2026-10-30,3.0,9
T1449,PRIMARY,2026-10-16,2026-10-23,2026-10-30,4.0,9
T1450,PRIMARY,2026-10-16,2026-10-23,2026-10-30,5.0,9
T1451,PRIMARY,2026-10-16,2026-10-23,2026-10-30,6.0,9
T1452,PRIMARY,2026-10-16,2026-10-23,2026-10-30,7.0,9
T1453,PRIMARY,2026-10-16,2026-10-23,2026-10-30,8.0,9
T1454,PRIMARY,2026-10-16,2026-10-23,2026-10-30,9.0,9
T1455,PRIMARY,2026-10-16,2026-10-23,2026-10-30,10.0,9
T1456,PRIMARY,2026-10-16,2026-10-23,2026-10-30,11.0,9
T1457,PRIMARY,2026-10-16,2026-10-23,2026-10-30,12.0,9
T1458,PRIMARY,2026-10-16,2026-10-23,2026-10-30,13.0,9
T1459,PRIMARY,2026-10-16,2026-10-23,2026-10-30,14.0,9
T1460,PRIMARY,2026-10-16,2026-10-23,2026-10-30,15.0,9
T1461,PRIMARY,2026-10-16,2026-10-23,2026-10-30,16.0,9
T1462,PRIMARY,2026-10-16,2026-10-23,2026-10-30,17.0,9
T1463,PRIMARY,2026-10-16,2026-10-23,2026-10-30,18.0,9
T1464,PRIMARY,2026-10-16,2026-10-23,2026-10-30,19.0,9
T1465,PRIMARY,2026-10-16,2026-10-23,2026-10-30,20.0,9
T1466,PRIMARY,2026-10-16,2026-10-23,2026-10-30,21.0,9
T1467,PRIMARY,2026-10-16,2026-10-23,2026-10-30,22.0,9
T1468,PRIMARY,2026-10-16,2026-10-23,2026-10-30,23.0,9
T1469,PRIMARY,2026-10-16,2026-10-23,2026-10-30,24.0,9
T1470,PRIMARY,2026-10-16,2026-10-23,2026-10-30,25.0,9
T1471,PRIMARY,2026-10-16,2026-10-23,2026-10-30,26.0,9
T1472,PRIMARY,2026-10-16,2026-10-23,2026-10-30,27.0,9
T1473,PRIMARY,2026-10-16,2026-10-23,2026-10-30,28.0,9
T1474,PRIMARY,2026-10-16,2026-10-23,2026-10-30,29.0,9
T1475,PRIMARY,2026-10-16,2026-10-23,2026-10-30,30.0,9
T1476,PRIMARY,2026-10-16,2026-10-23,2026-10-30,31.0,9
T1477,PRIMARY,2026-10-16,2026-10-23,2026-10-30,32.0,9
T1478,PRIMARY,2026-10-16,2026-10-23,2026-10-30,33.0,9
T1479,PRIMARY,2026-10-16,2026-10-23,2026-10-30,34.0,9
T1480,PRIMARY,2026-10-16,2026-10-23,2026-10-30,35.0,9
T1481,PRIMARY,2026-10-16,2026-10-23,2026-10-30,36.0,9
T1482,PRIMARY,2026-10-16,2026-10-23,2026-10-30,37.0,9
T1483,PRIMARY,2026-10-16,2026-10-23,2026-10-30,38.0,9
T1484,PRIMARY,2026-10-16,2026-10-23,2026-10-30,39.0,9
T1485,PRIMARY,2026-10-16,2026-10-23,2026-10-30,40.0,9
